Rating20,Age,MP,Starts,Min,Gls,Ast,PK,PKatt,CrdY,CrdR,Sh,SoT,FK_x,KP,Cmp_S,Att_S,Cmp_M,Att_M,Cmp_L,Att_L,Left,Right,FK_y,TB,CK,TI,Pass13,PPA,CrsPA,2CrdY,Fls,Fld,Off,Crs,TklW,Int,PKwon,PKcon,OG,Succ,Dr_Att,Past_O,Megs,Tkl,D_Cont,Past_D,Rating19
76.0,27.0,36,36,3198.0,3,2,0,0,3,0,44,12,0,34,23,50,1333,1543,231,369,1299,310,47,4,1,306,115,63,9,0,12,14,11,42,32,42,0,0,0,27,43,28,1,46,73,27,75.0
89.0,30.0,33,31,2480.0,21,8,2,2,4,0,118,41,3,34,27,45,592,678,46,62,75,668,0,6,1,8,37,42,1,0,22,25,26,14,14,8,0,0,0,29,55,32,5,17,23,6,89.0
80.0,23.0,38,38,3412.0,4,0,0,0,3,0,22,8,0,5,7,22,1048,1167,414,512,1283,234,51,0,0,32,92,7,3,0,28,21,2,6,37,32,1,1,0,3,6,3,0,60,78,18,79.0
76.0,28.0,27,18,1626.0,2,2,0,0,3,0,19,7,0,30,11,62,346,455,102,259,60,664,6,1,10,14,48,19,4,0,10,20,2,125,23,22,0,0,0,22,45,24,3,37,68,31,76.0
87.0,29.0,34,33,2923.0,0,0,0,0,3,0,17,6,0,7,2,12,1242,1326,823,1004,449,1752,70,2,0,10,193,22,1,0,10,2,1,6,23,25,0,1,1,2,4,2,0,41,61,20,87.0
83.0,19.0,29,27,2467.0,1,12,0,0,3,0,29,9,9,48,13,56,1165,1375,466,782,178,1669,44,5,73,315,129,41,13,0,14,8,4,201,28,35,0,0,0,20,39,23,3,57,105,48,78.0
84.0,22.0,25,22,1832.0,5,3,0,0,4,0,40,18,1,28,22,58,702,821,119,171,45,943,9,13,2,11,81,32,2,0,23,20,3,11,26,18,0,0,0,28,57,33,6,32,52,20,84.0
80.0,24.0,10,9,763.0,0,0,0,0,0,0,19,8,0,12,4,24,146,180,38,56,235,11,0,2,1,1,16,14,9,0,6,17,4,21,11,9,0,0,0,7,16,10,4,17,25,8,80.0
81.0,27.0,31,31,2761.0,2,4,0,0,6,0,43,7,8,31,27,73,1608,1805,203,348,1674,177,26,2,0,250,114,23,9,0,28,37,2,98,38,38,2,1,0,22,36,25,0,67,102,35,82.0
73.0,23.0,9,7,640.0,0,0,0,0,2,0,4,1,0,3,2,5,279,315,73,113,36,314,3,0,0,50,31,0,0,0,6,1,1,3,8,15,0,1,0,1,3,2,0,16,23,7,75.0
65.0,21.0,1,0,2.0,0,0,0,0,0,0,0,0,0,0,0,0,1,2,0,0,0,0,0,0,0,0,0,0,0,0,0,0,0,0,1,0,0,0,0,0,0,0,0,1,1,0,65.0
84.0,25.0,36,36,3053.0,9,4,0,0,3,0,58,24,5,60,52,125,1042,1271,234,423,202,1531,57,10,46,26,109,88,13,0,27,53,5,122,44,45,0,1,0,84,153,89,13,76,153,77,84.0
76.0,25.0,23,8,873.0,3,0,0,0,5,0,19,7,0,2,10,19,104,142,8,19,18,112,0,0,0,0,4,1,0,0,28,20,4,5,9,5,0,0,0,13,32,16,3,11,21,10,77.0
78.0,28.0,33,22,2099.0,6,4,0,0,3,0,65,25,0,20,14,49,434,574,65,154,82,527,1,4,0,53,43,16,6,0,35,44,10,50,22,19,2,0,0,57,92,63,1,31,39,8,78.0
75.0,26.0,29,16,1432.0,3,2,0,0,2,0,32,12,0,28,12,51,412,491,74,110,114,478,4,4,13,7,39,26,2,0,19,21,3,26,14,12,0,1,0,18,28,18,1,32,71,39,75.0
82.0,29.0,28,24,2001.0,10,4,1,1,3,0,62,30,3,33,20,51,405,511,71,93,85,505,2,4,0,4,21,15,0,0,31,12,21,19,6,3,0,1,0,28,38,29,1,10,18,8,82.0
74.0,28.0,25,24,2007.0,0,1,0,0,10,0,23,4,0,12,10,25,413,486,111,178,316,307,14,0,0,2,58,19,3,0,25,14,2,17,40,21,0,0,0,7,9,7,0,55,92,37,76.0
74.0,26.0,28,15,1487.0,1,0,0,0,2,0,28,14,0,14,12,32,283,342,40,80,348,64,0,0,3,6,23,14,4,0,14,25,4,42,16,8,0,0,0,31,59,33,2,27,46,19,75.0
88.0,29.0,36,30,2732.0,22,5,4,5,0,0,89,34,0,33,18,47,465,614,43,81,69,614,0,4,0,4,28,27,1,0,13,23,23,45,12,9,1,0,0,29,56,32,0,21,51,30,88.0
79.0,25.0,8,6,563.0,0,2,0,0,1,0,4,1,0,5,7,18,199,251,47,74,39,232,4,0,0,50,9,6,3,0,17,2,1,23,12,8,0,0,0,8,15,10,0,22,29,7,81.0
75.0,29.0,25,11,980.0,2,2,0,1,1,0,33,8,0,9,5,16,103,156,19,36,17,132,1,1,0,0,4,4,0,0,14,18,9,0,5,2,0,0,0,5,12,8,0,10,13,3,77.0
75.0,26.0,20,14,1186.0,1,2,0,0,3,0,26,3,0,13,9,31,172,205,20,37,24,214,0,0,0,1,11,5,0,0,32,25,9,15,28,7,0,0,0,24,36,25,1,42,55,13,77.0
69.0,29.0,16,3,468.0,1,0,0,0,0,0,7,1,0,8,5,13,132,162,22,34,43,143,2,0,2,2,11,5,1,0,6,7,4,7,6,7,0,0,0,13,22,15,1,9,13,4,70.0
78.0,28.0,38,38,3403.0,1,5,0,0,4,0,17,7,0,25,30,92,2145,2370,296,430,158,2239,27,2,0,332,160,17,5,0,40,15,2,119,56,44,1,1,0,16,26,17,0,98,135,37,86.0
78.0,31.0,16,15,1260.0,5,3,0,0,3,0,25,9,0,23,14,34,344,390,52,91,36,456,7,0,15,4,27,8,1,0,15,16,9,38,7,5,0,0,0,36,45,37,2,10,15,5,79.0
71.0,20.0,21,16,1415.0,1,0,0,0,4,0,17,8,2,17,9,33,396,473,154,257,130,575,27,7,16,20,85,12,0,0,34,22,1,35,26,24,0,1,0,31,60,36,4,41,81,40,70.0
69.0,26.0,11,4,554.0,0,0,0,0,2,0,5,1,0,1,1,5,89,115,24,48,15,125,8,1,1,11,11,5,2,0,13,3,0,7,9,13,0,0,0,4,6,4,0,15,31,16,69.0
80.0,24.0,12,8,636.0,0,0,0,0,0,1,3,1,0,0,1,6,187,198,79,106,52,241,4,0,0,2,8,0,0,0,5,5,0,0,7,14,0,1,0,2,2,2,0,14,15,1,82.0
75.0,33.0,6,5,376.0,0,0,0,0,0,0,2,1,1,4,4,7,171,200,31,54,176,19,11,0,8,48,16,2,1,0,2,1,1,18,4,4,0,1,0,0,1,0,0,7,9,2,79.0
79.0,26.0,23,23,2014.0,1,0,0,0,2,0,17,2,0,3,5,13,450,523,200,302,119,621,21,0,0,1,33,0,0,0,19,5,0,1,27,55,0,1,0,2,2,2,0,36,65,29,80.0
74.0,30.0,8,5,591.0,1,0,0,0,2,0,3,1,0,0,9,12,98,116,67,90,28,164,3,0,0,4,2,0,0,0,5,2,1,0,7,15,0,1,0,2,3,3,0,14,19,5,75.0
76.0,33.0,28,28,2475.0,4,1,0,0,7,0,21,8,0,4,2,13,249,337,146,230,82,385,14,1,0,4,43,3,0,0,35,13,3,1,34,84,0,1,0,16,19,16,0,74,104,30,75.0
72.0,33.0,19,19,1672.0,0,0,0,0,9,0,12,1,0,6,6,15,398,488,119,267,73,443,10,2,0,179,61,16,4,0,22,11,0,37,19,27,0,0,1,5,11,7,0,36,54,18,71.0
79.0,24.0,27,13,1241.0,3,5,0,0,1,0,38,8,1,21,13,24,708,765,160,184,137,778,6,3,0,11,62,17,2,0,14,27,0,6,11,9,0,0,0,19,26,19,0,12,28,16,79.0
78.0,28.0,37,26,2387.0,12,2,2,2,8,0,61,27,0,20,13,38,297,433,36,88,85,302,1,7,1,2,23,13,2,0,53,65,23,6,14,3,1,0,1,11,19,12,0,26,61,35,77.0
75.0,20.0,16,11,1009.0,2,2,0,0,0,0,39,11,0,16,7,27,233,286,17,31,62,260,1,2,0,1,16,12,3,0,7,7,2,23,4,3,0,0,0,20,33,21,3,8,15,7,69.0
74.0,23.0,1,0,4.0,0,0,0,0,0,0,0,0,0,0,0,1,1,1,0,1,3,0,0,0,0,0,0,0,0,0,0,0,0,1,0,0,0,0,0,0,0,0,0,0,0,0,75.0
79.0,24.0,11,9,756.0,5,0,0,0,0,0,26,10,0,1,5,15,90,121,16,26,44,96,0,0,0,0,5,2,0,0,7,2,13,1,1,3,0,0,0,13,19,14,0,2,5,3,81.0
77.0,22.0,25,24,2150.0,0,1,0,0,7,0,6,1,0,7,6,15,423,534,162,300,101,560,20,1,0,55,53,2,0,0,22,7,0,1,28,64,0,0,0,2,3,2,0,43,61,18,71.0
80.0,23.0,19,18,1533.0,0,5,0,0,3,0,18,4,0,9,11,33,665,747,118,167,99,668,6,6,0,125,48,12,0,0,16,7,2,39,9,18,0,0,1,19,23,19,1,13,24,11,80.0
72.0,28.0,30,30,2641.0,0,1,0,0,5,0,10,3,3,13,10,39,505,643,125,265,619,34,33,0,1,198,75,14,9,0,21,35,1,43,27,57,0,0,0,24,30,27,0,50,72,22,71.0
73.0,28.0,34,34,3060.0,1,0,0,0,12,0,15,3,0,5,13,20,747,852,335,515,139,1031,15,1,0,52,97,2,0,0,37,11,1,1,36,46,0,2,0,1,1,1,0,68,79,11,71.0
75.0,27.0,16,9,813.0,1,1,0,0,1,0,29,8,0,8,7,17,116,197,16,29,16,118,1,2,0,0,8,2,0,0,18,9,10,1,4,0,0,0,0,4,8,5,0,5,7,2,78.0
78.0,27.0,29,19,1749.0,3,6,0,0,2,0,34,11,7,40,7,25,307,386,93,199,483,73,29,1,43,5,22,13,7,0,10,22,2,118,14,31,0,0,0,18,35,19,0,22,40,18,79.0
80.0,25.0,34,25,2128.0,1,3,0,0,5,0,24,5,0,40,7,44,524,643,102,180,239,594,3,1,4,6,45,30,8,0,17,27,2,51,32,27,0,0,0,45,89,48,3,48,89,41,80.0
75.0,23.0,22,19,1750.0,0,1,0,0,4,0,8,3,0,9,15,44,603,730,117,240,656,64,13,0,0,209,54,9,3,0,18,24,2,32,39,33,0,0,0,15,19,16,0,66,84,18,75.0
78.0,28.0,24,24,2160.0,1,0,0,0,8,0,15,2,3,23,10,44,666,791,119,259,694,80,23,1,30,211,68,29,13,0,27,22,0,93,19,30,0,0,0,7,21,11,2,36,57,21,79.0
74.0,22.0,27,25,2191.0,2,0,0,0,7,0,43,9,3,17,11,39,657,798,244,414,835,151,14,2,1,125,67,18,7,0,38,30,2,56,44,58,0,0,0,21,37,22,0,69,104,35,68.0
75.0,21.0,28,17,1769.0,0,0,0,0,5,0,31,3,3,14,18,31,472,546,106,150,72,591,3,1,3,3,52,7,1,0,40,25,2,8,40,31,0,0,0,51,74,59,2,61,84,23,72.0
79.0,27.0,36,36,3168.0,4,0,0,0,2,1,22,6,0,10,8,26,1064,1181,320,488,309,1200,30,3,0,6,122,7,0,0,29,14,3,0,45,68,0,0,0,17,22,17,0,80,112,32,76.0
72.0,24.0,7,0,129.0,0,1,0,0,0,0,9,1,0,2,0,3,34,42,7,10,8,42,0,0,0,0,5,3,1,0,0,0,0,4,2,0,0,0,0,0,1,0,0,2,6,4,73.0
74.0,30.0,22,19,1805.0,0,0,0,0,0,0,2,0,0,8,6,27,477,600,115,252,516,81,8,1,0,221,46,18,10,0,11,4,0,57,15,24,0,1,0,11,27,14,1,22,32,10,74.0
76.0,26.0,16,6,716.0,0,1,0,0,3,1,12,2,2,13,6,19,125,168,31,100,214,48,16,2,20,7,15,11,6,0,12,4,0,53,8,8,0,0,0,8,13,9,0,12,20,8,77.0
77.0,21.0,30,29,2279.0,7,5,0,0,3,0,41,21,0,29,15,51,542,672,92,156,673,173,14,7,19,7,56,36,1,0,15,46,2,34,22,25,0,0,0,42,76,49,3,34,68,34,69.0
73.0,24.0,28,27,2350.0,0,1,0,0,5,0,21,7,0,23,6,42,745,901,156,348,808,165,26,0,16,217,79,24,14,0,25,28,2,117,39,30,0,0,0,18,27,19,0,65,93,28,75.0
77.0,32.0,2,0,22.0,0,0,0,0,0,0,0,0,0,0,0,0,16,18,2,2,3,15,0,0,0,0,1,0,0,0,0,0,0,0,0,0,0,0,0,0,0,0,0,0,0,0,81.0
78.0,27.0,31,24,2198.0,1,1,0,0,0,0,24,5,0,37,16,29,1015,1090,226,293,1236,144,15,4,4,0,109,31,2,0,11,40,0,27,30,10,0,0,0,44,61,50,3,38,46,8,79.0
77.0,21.0,35,19,1774.0,6,2,0,0,3,0,55,17,0,10,14,30,232,347,37,64,52,275,0,4,0,1,22,7,1,0,34,32,6,6,8,7,1,0,0,25,46,27,1,13,20,7,74.0
76.0,24.0,32,31,2579.0,4,4,0,0,6,0,39,10,5,47,13,48,525,652,164,306,99,843,53,1,74,4,61,20,3,0,25,29,1,123,16,33,0,0,0,39,64,43,2,26,56,30,76.0
80.0,30.0,33,33,2946.0,1,3,0,0,14,1,17,3,5,9,23,38,1104,1262,355,478,283,1301,45,4,1,5,152,18,1,0,47,58,0,5,67,86,0,0,0,32,39,32,2,90,151,61,77.0
75.0,29.0,12,3,455.0,0,0,0,0,2,0,14,6,0,3,5,9,67,97,14,25,54,36,0,2,0,0,4,0,0,0,11,8,3,2,1,1,0,0,0,3,7,4,1,2,4,2,77.0
76.0,29.0,36,35,3098.0,4,0,0,0,2,0,16,6,0,1,13,24,685,761,348,493,352,757,18,1,0,4,61,3,1,0,18,8,1,3,30,36,0,0,2,3,3,3,1,52,71,19,73.0
75.0,24.0,23,6,682.0,3,1,0,0,1,0,12,4,0,17,11,24,204,257,37,75,64,261,1,1,17,6,13,8,5,0,13,5,6,54,5,4,0,1,0,17,25,17,1,11,19,8,75.0
75.0,23.0,9,3,266.0,0,0,0,0,2,0,2,1,0,0,2,5,71,85,20,31,17,90,1,0,0,0,10,1,0,0,5,3,0,1,2,5,0,0,0,1,3,1,0,5,10,5,76.0
75.0,23.0,31,29,2586.0,2,0,0,0,9,0,35,12,0,15,16,36,921,1073,253,409,173,1212,24,1,0,4,123,15,0,0,35,4,0,14,42,70,0,0,0,25,39,28,2,52,88,36,75.0
79.0,21.0,36,36,3240.0,0,4,0,0,4,0,20,10,0,40,13,67,1348,1677,214,495,1403,249,38,4,5,381,99,36,16,0,32,44,2,133,36,38,0,0,0,37,69,44,3,56,94,38,76.0
65.0,18.0,2,0,36.0,0,0,0,0,0,0,2,1,0,0,0,1,10,11,3,3,15,0,0,1,0,0,1,1,0,0,0,2,0,0,0,0,0,0,0,1,1,1,0,0,0,0,65.0
74.0,20.0,9,7,596.0,0,0,0,0,0,0,4,2,0,4,3,9,160,177,44,52,30,192,6,0,0,1,17,3,1,0,7,2,0,3,8,15,0,0,0,2,4,2,0,23,31,8,69.0
80.0,22.0,8,6,615.0,0,0,0,0,1,0,0,0,0,0,6,10,305,323,105,113,30,386,14,0,0,0,22,0,0,0,8,4,0,0,4,4,0,0,0,0,0,0,0,10,14,4,82.0
71.0,25.0,28,19,1945.0,0,1,0,0,7,0,11,4,0,21,6,34,743,880,127,280,83,792,8,2,0,229,34,12,2,0,29,13,2,91,23,29,0,1,0,30,55,31,1,44,72,28,72.0
68.0,24.0,3,1,87.0,0,0,0,0,0,0,0,0,0,0,1,1,25,28,2,4,4,26,0,0,0,0,3,0,0,0,1,0,0,0,0,3,0,0,0,1,2,2,0,0,1,1,67.0
75.0,28.0,11,9,858.0,3,0,0,0,1,0,7,3,0,3,1,7,170,201,54,94,210,34,3,0,0,2,15,3,0,0,6,6,0,3,10,12,0,0,0,0,0,0,0,15,20,5,76.0
76.0,28.0,13,4,470.0,0,0,0,0,2,0,3,1,1,0,3,13,137,166,35,50,22,185,8,0,2,0,15,4,0,0,8,4,1,4,14,4,0,0,0,1,2,1,0,18,36,18,76.0
78.0,27.0,4,1,108.0,0,0,0,0,0,0,3,0,0,0,4,5,55,64,9,15,3,56,2,0,0,22,2,1,0,0,0,2,0,3,1,2,0,0,0,0,0,0,0,5,8,3,80.0
77.0,25.0,38,38,3420.0,0,0,0,0,5,0,0,0,0,0,6,10,640,691,766,976,81,1507,36,4,0,4,119,5,0,0,11,11,0,0,16,31,0,0,3,1,2,2,0,31,47,16,73.0
79.0,29.0,29,29,2560.0,2,2,0,0,1,0,13,5,0,22,7,44,1017,1192,194,347,154,1004,8,1,1,317,97,7,1,0,22,20,3,81,32,27,0,1,1,25,45,26,1,50,64,14,80.0
77.0,21.0,13,8,721.0,0,0,0,0,2,0,3,0,0,2,4,11,234,270,90,119,17,353,4,1,0,3,30,7,1,0,12,5,0,10,8,7,0,0,0,9,14,9,0,14,28,14,77.0
78.0,27.0,31,31,2787.0,1,1,0,0,3,0,22,8,0,12,4,20,723,841,495,712,67,1260,57,0,0,88,88,4,0,0,18,27,1,12,21,50,0,1,1,4,5,4,0,35,45,10,77.0
76.0,29.0,37,37,3313.0,1,2,0,0,6,0,15,2,0,17,25,47,835,978,221,324,127,1068,9,3,1,0,102,15,1,0,32,37,4,14,27,29,0,0,0,27,39,29,0,46,87,41,79.0
74.0,24.0,25,16,1346.0,1,2,0,0,3,0,25,7,0,17,4,23,329,396,39,74,353,112,2,2,7,3,18,12,2,0,20,24,6,51,14,8,0,0,0,27,48,33,1,17,33,16,75.0
76.0,28.0,20,18,1590.0,0,1,0,0,1,0,11,0,2,16,18,52,693,789,124,220,778,53,14,0,10,188,63,18,6,0,2,12,1,75,15,20,0,0,0,8,13,8,2,24,40,16,74.0
73.0,27.0,7,7,630.0,0,0,0,0,3,0,1,1,0,5,4,6,128,160,35,63,130,34,5,0,0,36,19,5,4,0,8,13,0,7,7,14,0,0,0,1,1,1,0,13,24,11,74.0
75.0,19.0,16,12,1014.0,0,2,0,0,3,0,15,0,0,17,4,20,306,388,85,148,32,384,1,0,3,87,23,9,2,0,12,2,2,50,13,8,0,1,0,12,19,13,0,22,29,7,72.0
59.0,17.0,2,0,73.0,0,0,0,0,0,0,0,0,0,0,1,2,6,11,0,0,4,7,0,0,0,0,1,0,0,0,0,0,0,0,0,0,0,0,0,0,1,1,0,0,0,0,59.0
68.0,27.0,2,0,21.0,0,0,0,0,0,0,1,0,0,0,0,0,4,5,4,6,2,7,0,0,0,0,1,0,0,0,0,0,0,0,0,0,0,0,0,0,0,0,0,0,1,1,69.0
73.0,31.0,21,17,1583.0,1,0,0,0,4,0,13,3,0,11,8,28,639,744,138,247,764,45,32,1,2,144,62,22,6,0,8,7,0,27,16,22,0,0,0,13,21,16,2,24,41,17,75.0
79.0,27.0,11,9,806.0,1,0,0,0,1,0,14,3,0,5,3,17,617,665,147,189,90,654,8,1,0,96,69,9,1,0,10,8,0,12,9,16,0,0,0,6,10,6,0,21,31,10,79.0
75.0,31.0,10,7,660.0,0,1,0,0,1,0,6,1,0,0,1,6,145,155,44,82,39,171,18,0,1,1,10,0,0,0,4,0,0,0,1,5,0,0,0,4,4,4,0,5,12,7,76.0
75.0,28.0,6,5,443.0,0,0,0,0,0,0,1,1,0,2,2,5,145,156,29,45,29,138,0,0,0,29,14,0,0,0,3,4,1,3,6,7,0,0,0,1,2,2,0,12,17,5,76.0
79.0,25.0,27,20,1839.0,0,0,0,0,2,0,15,1,0,17,8,35,894,1008,169,271,917,120,11,0,7,185,82,21,7,0,18,14,0,44,24,23,0,0,0,4,12,5,0,44,68,24,81.0
75.0,20.0,16,10,975.0,0,0,0,0,3,0,7,2,0,5,6,19,315,368,93,138,52,424,6,1,0,4,49,7,0,0,21,17,1,6,13,17,0,0,0,10,15,12,1,27,42,15,75.0
74.0,33.0,3,1,96.0,0,1,0,0,0,0,0,0,0,3,1,1,47,50,17,18,5,54,0,1,0,0,6,3,1,0,2,0,1,1,3,2,0,0,0,0,0,0,0,3,3,0,74.0
91.0,27.0,19,11,974.0,2,2,0,0,2,0,31,11,3,33,11,33,456,539,158,247,105,691,17,10,50,7,66,39,4,0,10,15,1,91,16,3,0,0,0,17,25,20,0,20,37,17,91.0
78.0,30.0,32,28,2547.0,9,5,1,1,4,1,61,28,0,40,16,48,448,653,58,135,35,518,0,4,1,6,61,39,2,0,42,36,13,16,19,8,0,0,0,6,18,10,0,28,52,24,77.0
76.0,35.0,4,0,21.0,0,0,0,0,0,0,1,1,0,0,0,0,0,0,0,0,0,0,0,0,0,0,0,0,0,0,0,0,0,0,0,0,0,0,0,0,0,0,0,0,0,0,77.0
78.0,30.0,6,6,452.0,0,0,0,0,0,0,0,0,0,2,2,8,141,158,55,84,30,214,7,1,0,0,17,4,0,0,1,2,0,4,4,7,0,0,0,1,2,1,0,8,14,6,80.0
77.0,28.0,11,8,724.0,0,1,0,0,1,1,4,3,0,3,1,11,571,599,120,148,444,233,7,2,0,62,75,14,2,0,6,7,0,8,7,13,0,0,0,6,8,6,0,18,31,13,80.0
81.0,31.0,10,7,516.0,0,0,0,0,1,0,1,0,0,0,3,3,234,259,41,46,214,77,6,0,0,1,21,1,0,0,12,4,0,0,9,10,0,0,0,6,9,7,1,15,20,5,84.0
78.0,23.0,19,17,1469.0,2,0,0,0,1,0,16,9,0,7,11,31,411,486,82,108,110,416,2,1,0,2,28,6,0,0,11,11,1,8,35,22,0,0,0,12,13,12,0,47,84,37,78.0
73.0,29.0,23,10,1061.0,0,1,0,0,1,0,34,7,0,7,9,21,152,225,8,15,16,155,0,1,0,0,10,5,0,0,19,10,7,4,9,2,0,0,0,7,15,8,0,9,15,6,75.0
80.0,24.0,30,26,2081.0,10,5,0,0,3,0,62,23,6,30,13,52,483,598,84,145,72,693,13,7,9,6,40,38,4,0,14,13,34,61,8,15,0,0,0,44,71,46,1,10,30,20,81.0
70.0,22.0,1,1,55.0,0,0,0,0,0,0,0,0,0,1,0,2,9,14,1,2,11,4,0,0,0,0,0,1,1,0,0,1,1,2,3,0,0,0,0,0,0,0,0,3,4,1,71.0
72.0,22.0,12,6,551.0,0,0,0,0,1,0,7,3,0,5,0,8,109,138,9,18,123,24,1,0,1,0,2,3,0,0,7,9,2,14,3,1,0,0,0,11,20,11,0,4,15,11,74.0
68.0,20.0,17,6,604.0,0,1,0,0,0,0,10,3,0,11,4,12,175,217,21,36,215,29,0,3,5,2,16,5,0,0,4,10,1,14,10,2,0,0,0,17,34,19,3,21,27,6,65.0
79.0,24.0,20,18,1509.0,3,0,0,0,4,0,9,3,0,8,7,23,686,769,197,266,142,839,24,0,0,2,80,12,3,0,24,9,0,6,12,21,0,0,0,4,8,4,0,25,49,24,80.0
83.0,25.0,35,33,2965.0,4,4,0,0,5,1,34,10,11,70,18,74,1155,1385,287,600,1424,96,79,1,90,367,112,51,30,0,39,33,2,282,45,58,0,0,1,14,32,16,3,84,108,24,81.0
90.0,27.0,38,38,3385.0,4,2,0,0,1,0,32,8,1,6,6,22,1758,1878,945,1096,341,2346,51,3,0,5,182,5,0,0,12,22,1,1,25,42,0,1,0,7,10,8,0,35,36,1,88.0
78.0,21.0,33,33,2970.0,1,0,0,0,4,0,14,4,0,2,12,25,688,780,273,336,152,874,19,0,0,4,42,0,0,0,19,17,3,0,34,60,0,0,1,5,5,5,2,67,93,26,76.0
78.0,26.0,38,35,3147.0,4,5,0,0,5,0,43,17,0,41,24,72,1101,1376,208,380,95,1124,4,3,0,354,74,22,3,0,30,21,3,66,33,60,1,0,1,27,56,30,1,68,97,29,77.0
81.0,25.0,35,34,3062.0,5,6,0,0,7,0,52,16,0,37,29,73,1318,1519,293,375,276,1552,40,5,1,1,149,35,3,0,37,14,2,12,48,32,0,0,1,41,62,44,4,71,108,37,81.0
78.0,26.0,35,35,3087.0,5,1,0,0,4,1,39,14,0,6,20,28,569,676,401,564,66,990,23,0,0,6,39,2,0,0,23,10,4,2,20,36,0,2,0,5,5,5,0,32,44,12,76.0
60.0,19.0,1,1,45.0,0,0,0,0,0,0,0,0,0,0,0,1,16,20,4,7,0,20,0,0,0,6,3,0,0,0,0,2,0,2,1,0,0,0,0,0,0,0,0,2,3,1,61.0
75.0,26.0,26,21,1987.0,0,0,0,0,1,0,8,1,0,5,6,21,472,572,161,291,642,37,14,1,3,107,75,12,4,0,11,10,1,33,16,36,0,0,0,2,3,3,0,38,61,23,74.0
78.0,26.0,36,36,3152.0,2,1,0,0,6,1,22,4,1,9,14,31,732,795,494,663,65,1255,41,1,1,14,77,3,0,1,22,15,0,2,32,51,0,0,0,1,3,1,0,46,68,22,77.0
74.0,26.0,28,21,2051.0,0,1,0,0,0,0,8,0,0,12,5,39,602,742,141,291,207,556,8,0,2,244,53,17,9,0,13,22,1,67,28,38,0,0,0,15,20,15,0,48,69,21,75.0
74.0,30.0,38,37,3375.0,0,1,0,0,0,0,11,2,0,5,5,23,479,647,222,440,123,723,40,1,0,112,75,3,0,0,15,11,1,20,43,79,0,2,0,14,17,14,1,68,98,30,74.0
77.0,26.0,8,5,379.0,0,0,0,0,0,0,7,0,0,4,2,5,190,204,67,78,11,266,5,0,0,3,18,3,0,0,1,0,1,3,5,2,0,0,0,1,2,1,0,10,12,2,78.0
76.0,23.0,16,8,790.0,0,0,0,0,0,0,19,6,0,13,5,16,143,193,28,61,76,169,6,1,22,2,11,9,1,0,10,13,2,48,11,7,0,0,0,8,16,12,1,18,29,11,79.0
88.0,26.0,35,30,2772.0,8,12,0,0,3,0,84,31,12,75,22,66,1204,1408,314,511,462,1432,55,8,71,6,181,49,6,0,17,16,2,117,27,14,0,0,0,21,37,23,2,41,79,38,88.0
79.0,30.0,24,21,1995.0,1,0,0,0,2,0,10,4,0,4,4,9,583,637,280,367,294,616,39,2,1,1,44,1,0,0,21,17,0,1,17,33,0,1,0,0,0,0,0,24,32,8,78.0
85.0,24.0,28,21,2013.0,1,2,0,0,6,0,17,4,0,16,12,30,1073,1183,318,418,77,1444,39,3,0,4,153,25,2,0,30,30,0,10,34,31,0,0,0,14,19,16,1,60,98,38,85.0
81.0,31.0,6,1,175.0,0,0,0,0,1,0,1,0,0,3,0,2,137,150,28,41,12,177,8,3,1,2,17,4,0,0,1,3,0,1,9,1,0,0,0,0,0,0,0,10,12,2,84.0
76.0,30.0,14,6,746.0,0,1,0,0,1,0,8,3,0,3,7,24,283,330,57,79,61,304,1,0,0,2,31,1,0,0,15,9,2,6,15,3,1,0,0,4,7,5,0,23,34,11,79.0
76.0,27.0,29,22,2046.0,1,1,0,0,1,0,7,3,0,15,10,28,789,901,151,245,97,831,15,1,7,187,66,11,2,0,12,14,3,64,30,38,0,1,0,16,24,17,0,53,90,37,76.0
76.0,29.0,19,17,1482.0,0,1,0,0,2,0,4,1,0,4,2,7,293,336,188,279,30,524,18,0,0,1,33,3,1,0,12,7,1,5,16,25,0,0,0,2,2,2,0,22,35,13,76.0
87.0,33.0,29,27,2381.0,1,3,0,0,5,0,31,7,0,24,17,41,1430,1576,357,451,277,1668,30,14,1,6,265,48,0,0,40,27,2,4,50,40,0,1,0,8,18,12,0,59,74,15,87.0
86.0,26.0,34,31,2620.0,12,6,1,1,0,0,73,31,0,42,24,70,905,1064,127,169,165,1046,1,13,1,16,90,52,3,0,40,11,9,9,29,6,0,0,0,54,78,60,5,33,64,31,86.0
76.0,18.0,13,3,327.0,1,0,0,0,0,0,14,6,0,8,8,16,172,191,22,28,196,31,0,1,3,1,9,8,0,0,4,5,0,4,7,3,0,0,0,9,15,9,0,7,16,9,73.0
73.0,20.0,12,10,794.0,0,0,0,0,3,0,4,1,0,4,0,9,293,333,79,129,29,369,4,0,0,54,25,2,0,0,7,1,0,15,7,12,0,1,1,9,12,9,0,18,21,3,74.0
74.0,20.0,12,10,888.0,1,0,0,0,3,1,5,1,0,3,4,11,377,420,125,157,51,473,11,0,0,16,28,3,1,0,16,9,0,2,21,11,0,2,0,22,24,22,2,37,43,6,70.0
75.0,33.0,17,13,1227.0,0,2,0,0,1,0,3,1,0,11,4,24,457,544,137,247,76,518,16,1,2,121,62,8,2,0,10,8,3,32,13,19,0,0,0,4,6,4,0,22,37,15,75.0
81.0,24.0,38,35,3173.0,7,14,0,0,2,0,50,24,3,87,17,70,795,1010,207,425,251,1173,59,3,112,16,79,59,19,0,6,67,10,274,6,23,1,0,0,22,44,25,1,14,42,28,77.0
79.0,25.0,17,13,1044.0,1,1,0,0,2,0,17,2,1,14,12,21,478,536,166,212,534,217,21,0,4,2,79,5,2,0,25,18,1,13,25,16,0,1,0,11,20,13,2,37,58,21,82.0
74.0,25.0,15,12,1086.0,1,0,0,0,5,0,5,2,0,3,5,23,348,426,44,99,43,359,7,0,0,99,18,2,0,0,9,10,1,20,17,14,0,1,0,8,12,8,0,31,45,14,73.0
73.0,32.0,3,2,206.0,0,0,0,0,0,0,2,0,0,6,0,6,96,105,25,47,114,10,3,0,0,25,11,6,4,0,3,2,0,14,2,4,0,0,0,1,1,1,0,4,4,0,75.0
76.0,26.0,12,4,470.0,1,0,0,0,0,0,21,8,1,4,4,10,74,98,5,11,81,21,0,0,0,0,3,3,0,0,9,8,1,4,2,3,0,0,0,3,10,5,0,5,8,3,77.0
68.0,22.0,4,0,30.0,0,0,0,0,0,0,0,0,0,0,0,0,2,7,0,1,0,3,0,0,0,0,0,0,0,0,4,1,0,0,0,0,0,0,0,0,0,0,0,0,0,0,69.0
83.0,28.0,33,32,2825.0,0,2,0,0,6,0,20,3,0,19,15,33,1111,1273,352,452,179,1434,34,1,0,3,172,18,1,0,54,38,0,14,97,74,0,1,0,22,29,23,1,135,183,48,82.0
74.0,26.0,19,8,735.0,1,0,0,0,3,0,21,6,1,15,13,26,280,334,62,106,373,55,14,1,23,4,18,13,4,0,13,8,0,45,9,7,0,0,0,14,23,16,1,13,29,16,75.0
70.0,18.0,26,5,648.0,0,1,0,0,1,0,8,1,0,12,2,10,195,234,74,92,12,289,4,2,8,0,20,8,0,0,8,6,2,17,2,2,0,0,0,13,22,15,1,5,9,4,64.0
74.0,25.0,1,1,63.0,1,0,0,0,1,0,1,1,0,0,0,0,17,21,4,11,27,1,0,0,0,1,1,0,0,0,2,0,0,0,2,0,0,0,0,1,1,1,0,2,2,0,74.0
82.0,31.0,27,7,832.0,2,4,0,0,1,0,31,10,0,16,9,16,150,216,15,19,155,53,0,1,0,0,5,6,0,0,12,6,6,1,2,3,0,0,0,2,3,2,0,4,6,2,82.0
80.0,25.0,27,24,1986.0,1,1,0,0,7,0,22,5,0,7,13,35,732,837,280,358,291,867,20,1,0,5,106,20,3,0,49,27,0,16,32,20,0,0,0,34,50,37,1,43,93,50,80.0
68.0,17.0,2,0,25.0,0,0,0,0,0,0,2,1,0,0,1,2,16,18,3,3,1,21,0,0,0,0,2,0,0,0,0,0,0,1,0,0,0,0,0,0,0,0,0,1,1,0,66.0
80.0,21.0,16,12,1060.0,0,0,0,0,2,0,4,1,0,6,2,8,468,518,235,302,66,660,12,0,0,41,40,1,0,0,12,9,0,7,11,15,0,0,0,4,5,5,0,16,22,6,76.0
69.0,22.0,11,9,717.0,1,0,0,0,2,0,9,2,0,4,3,12,163,183,60,92,38,219,10,0,0,2,20,2,1,0,9,12,0,0,15,11,0,0,0,3,4,3,0,25,34,9,62.0
75.0,28.0,25,19,1738.0,2,1,0,0,8,0,21,7,0,7,5,20,564,668,186,263,74,800,21,3,1,4,89,16,0,0,29,24,2,6,25,22,0,0,0,8,15,8,1,45,79,34,73.0
71.0,20.0,13,9,874.0,3,0,0,0,0,0,21,10,0,8,2,17,133,172,12,24,26,160,0,0,0,1,8,2,0,0,8,8,4,10,1,1,1,0,0,13,24,13,0,2,4,2,64.0
76.0,27.0,29,13,1360.0,7,2,0,0,2,0,37,15,0,13,9,25,145,197,17,33,56,166,0,0,0,1,12,2,1,0,12,9,16,8,3,2,0,0,0,12,22,13,0,3,7,4,75.0
75.0,22.0,34,23,1995.0,4,1,0,0,2,0,46,19,1,11,12,38,440,538,71,133,60,604,2,3,9,4,40,16,0,0,15,16,3,53,13,9,0,0,0,46,69,46,2,19,35,16,76.0
67.0,16.0,3,1,115.0,0,0,0,0,0,0,7,4,0,3,1,3,46,50,4,8,44,16,0,1,2,1,2,2,0,0,0,1,2,1,1,0,0,0,0,3,6,3,1,3,5,2,66.0
78.0,27.0,25,24,1878.0,3,3,1,2,1,0,21,7,1,53,12,31,470,574,172,343,171,722,50,2,57,3,76,21,7,0,12,14,5,141,15,15,1,1,0,10,12,10,0,24,54,30,78.0
75.0,19.0,33,23,2142.0,0,0,0,0,9,0,15,3,0,19,15,46,1064,1162,333,415,89,1454,38,5,2,4,151,26,2,0,25,62,0,15,25,27,0,0,0,31,42,33,2,36,81,45,67.0
84.0,27.0,31,23,2135.0,6,3,0,0,3,0,43,11,2,43,22,46,1446,1554,369,495,544,1487,35,15,81,5,185,48,2,0,14,23,0,99,10,29,0,0,0,17,24,18,1,17,48,31,84.0
74.0,24.0,24,19,1840.0,0,0,0,0,1,0,6,2,0,24,11,43,557,675,135,261,63,705,15,1,0,155,46,8,5,0,12,19,2,91,11,22,0,1,0,11,23,11,2,30,59,29,74.0
68.0,25.0,13,3,366.0,1,0,0,0,1,0,5,3,0,5,0,6,58,80,6,13,19,69,0,0,0,1,2,6,3,0,4,5,1,15,2,3,0,0,0,11,22,13,1,7,8,1,65.0
76.0,23.0,25,21,1862.0,1,4,0,0,3,1,20,5,0,20,9,28,469,549,103,147,117,502,6,4,0,14,49,9,2,0,32,14,0,12,43,38,0,0,0,11,15,13,0,66,94,28,72.0
91.0,27.0,37,32,2926.0,16,15,4,4,2,0,90,39,2,93,26,75,1282,1501,287,423,269,1662,48,9,92,11,124,104,10,0,12,104,11,145,6,10,1,0,0,134,204,143,6,8,22,14,91.0
63.0,23.0,3,0,49.0,0,0,0,0,0,0,1,0,0,0,0,2,1,4,1,4,1,4,0,0,0,3,0,0,0,0,1,1,0,3,0,0,0,0,0,1,2,1,0,1,1,0,63.0
83.0,28.0,32,21,1981.0,1,3,0,0,2,1,16,1,0,14,18,50,1102,1205,430,544,214,1469,35,2,0,34,193,23,4,1,26,12,2,37,37,32,0,0,0,9,18,13,4,44,70,26,82.0
75.0,26.0,32,25,2068.0,3,0,0,0,4,0,19,6,1,15,14,49,423,518,74,130,91,537,3,2,2,4,29,15,2,0,18,13,9,24,25,13,0,1,0,14,32,18,2,36,61,25,75.0
78.0,30.0,25,14,1337.0,7,1,0,0,2,0,34,16,0,6,5,18,187,248,47,67,71,226,2,1,0,0,22,9,0,0,9,34,12,9,2,2,2,0,0,14,19,14,1,3,7,4,79.0
82.0,28.0,22,16,1404.0,2,3,0,0,4,0,21,9,0,12,16,36,733,796,115,158,134,809,12,3,2,2,62,10,1,0,21,20,0,5,37,39,0,1,0,16,20,16,1,54,102,48,82.0
87.0,26.0,31,23,2047.0,12,6,0,0,2,1,75,28,1,31,15,48,560,632,71,92,136,602,5,1,6,3,31,27,3,0,11,19,22,25,7,8,1,0,0,55,97,62,3,18,42,24,84.0
85.0,30.0,14,13,1092.0,5,0,0,0,0,0,45,13,0,15,14,23,207,252,32,50,36,278,0,1,0,0,8,8,0,0,6,2,11,2,5,1,0,0,0,14,19,15,1,6,11,5,88.0
75.0,24.0,13,13,1170.0,0,0,0,0,2,0,6,1,0,1,1,3,300,355,194,284,442,133,18,0,0,5,48,1,0,0,15,14,0,2,11,23,0,0,2,6,7,6,0,26,38,12,76.0
75.0,29.0,29,29,2376.0,0,1,0,0,8,1,8,1,0,16,15,33,1007,1141,282,380,177,1250,23,1,1,1,122,12,1,0,58,35,1,7,60,69,0,0,0,14,17,15,0,83,135,52,76.0
74.0,28.0,32,23,2143.0,3,1,0,0,4,0,41,10,1,23,8,35,277,355,49,141,78,397,12,3,25,2,11,10,1,0,35,38,8,84,24,29,1,0,0,20,55,22,0,42,81,39,75.0
76.0,22.0,10,9,807.0,0,0,0,0,1,0,1,0,0,2,3,6,379,416,158,192,130,440,12,1,0,4,20,1,0,0,6,2,0,1,10,10,0,0,0,4,6,4,0,14,20,6,74.0
78.0,34.0,28,27,2393.0,3,6,0,0,12,1,17,6,4,36,15,55,581,719,223,556,821,102,73,2,115,281,53,16,10,0,34,15,2,212,45,19,0,0,0,23,46,25,3,68,89,21,77.0
75.0,21.0,5,4,407.0,0,0,0,0,1,0,0,0,0,0,1,4,118,144,73,110,33,193,6,0,0,2,36,3,0,0,2,7,1,0,2,3,0,0,0,1,2,2,0,5,7,2,76.0
74.0,17.0,10,4,391.0,0,1,0,0,0,0,6,3,0,8,0,3,163,190,29,43,36,190,2,0,3,2,7,5,1,0,1,6,3,22,6,3,0,0,0,11,18,11,0,8,11,3,68.0
77.0,23.0,32,31,2436.0,2,4,0,0,5,0,31,8,0,28,29,64,653,785,91,158,738,205,2,3,3,4,65,24,2,0,54,71,0,21,42,25,0,0,0,21,43,23,0,71,119,48,76.0
66.0,22.0,1,0,37.0,0,0,0,0,0,0,0,0,0,0,1,3,13,17,3,3,0,21,0,0,0,0,2,0,0,0,0,0,0,0,2,1,0,0,0,0,0,0,0,4,7,3,67.0
77.0,22.0,31,31,2762.0,4,3,0,0,8,2,53,19,2,27,13,43,1136,1304,346,477,332,1341,40,5,2,9,213,18,4,1,50,47,0,29,64,64,0,0,0,30,42,31,2,80,137,57,76.0
73.0,22.0,19,9,794.0,1,1,0,0,1,0,9,3,0,10,4,21,169,205,41,59,37,232,1,1,6,9,13,14,1,0,8,10,0,27,3,4,0,0,0,25,41,25,1,4,8,4,74.0
78.0,30.0,8,3,226.0,0,0,0,0,0,0,2,1,0,1,3,7,78,90,43,47,29,106,2,1,0,0,15,1,0,0,6,1,0,1,4,5,0,0,0,0,0,0,0,5,9,4,81.0
73.0,21.0,30,9,926.0,1,3,0,0,2,0,19,6,0,14,4,11,184,228,29,49,219,34,1,2,0,4,10,6,1,0,14,7,8,6,6,2,1,0,0,11,20,11,1,8,11,3,75.0
76.0,26.0,24,23,1666.0,7,3,3,3,1,0,52,19,0,25,13,25,231,312,43,80,54,332,0,8,0,0,32,14,1,0,16,22,6,15,16,4,3,0,0,34,50,37,1,26,44,18,76.0
79.0,22.0,35,22,1972.0,3,6,0,0,0,0,35,14,0,39,8,56,661,799,105,176,134,867,0,13,1,15,48,56,12,0,8,13,2,58,17,12,0,0,0,53,93,58,8,23,48,25,76.0
76.0,26.0,15,9,794.0,1,1,0,0,1,0,15,4,0,5,4,13,136,164,22,33,23,168,0,0,0,2,9,4,1,0,6,6,4,7,8,5,1,0,0,11,23,13,1,18,26,8,77.0
76.0,35.0,7,4,328.0,1,0,0,0,0,1,1,1,0,1,0,2,76,91,60,84,25,123,6,0,0,1,8,0,0,0,2,3,0,0,5,2,0,0,0,0,0,0,0,8,9,1,78.0
75.0,24.0,19,12,1021.0,0,0,0,0,2,0,22,7,0,4,4,20,166,210,40,76,37,244,6,2,6,4,16,6,1,0,19,8,6,23,24,11,0,1,0,17,40,22,2,39,62,23,78.0
77.0,29.0,18,17,1522.0,0,2,0,0,3,0,11,1,0,10,3,19,425,515,135,261,84,536,9,2,0,118,48,13,2,0,16,1,1,60,16,30,0,0,0,12,18,13,3,33,52,19,77.0
75.0,24.0,3,0,36.0,0,0,0,0,0,0,3,2,0,0,0,1,7,8,0,1,6,1,0,0,0,1,0,0,0,0,2,0,1,1,0,0,0,0,0,0,0,0,0,1,2,1,76.0
70.0,26.0,3,2,165.0,0,0,0,0,0,0,0,0,0,0,1,8,63,70,8,14,10,63,0,0,0,15,2,0,0,0,1,0,0,3,3,0,0,0,0,0,1,0,0,4,4,0,69.0
82.0,21.0,29,8,1019.0,7,3,1,1,1,0,42,22,0,20,8,19,265,309,23,30,55,276,0,4,0,1,14,5,0,0,12,18,15,4,6,2,0,0,0,23,47,26,1,9,14,5,83.0
80.0,27.0,38,36,3124.0,13,7,2,2,4,0,113,32,0,42,20,64,649,823,120,185,80,868,3,5,0,5,44,36,2,0,41,39,33,25,17,27,1,0,0,36,63,37,1,26,41,15,78.0
73.0,27.0,12,4,411.0,0,0,0,0,4,0,1,0,1,1,3,8,147,176,42,66,192,42,7,0,2,2,20,4,0,0,6,2,0,10,5,3,0,0,0,3,4,4,0,8,11,3,75.0
55.0,18.0,1,1,63.0,0,0,0,0,0,0,0,0,0,0,0,1,18,18,1,3,4,10,0,0,0,8,1,0,0,0,0,0,0,0,1,1,0,0,0,0,2,1,0,1,2,1,56.0
79.0,26.0,18,15,1261.0,0,1,0,0,1,0,5,2,0,3,2,5,475,510,215,233,73,606,11,0,0,4,31,2,0,0,8,10,0,1,18,22,0,0,0,4,4,4,0,26,28,2,80.0
83.0,26.0,37,37,3165.0,2,0,1,1,8,0,18,6,0,29,34,66,2286,2474,383,492,199,2749,40,11,0,2,348,47,1,0,33,22,0,2,55,67,0,0,0,15,21,16,0,75,140,65,84.0
74.0,28.0,16,5,587.0,2,0,0,0,1,0,16,5,0,1,3,14,105,157,16,24,20,96,0,0,0,1,9,1,0,0,5,7,4,3,7,3,0,0,0,7,11,7,0,10,17,7,74.0
80.0,21.0,33,29,2369.0,9,5,0,0,11,0,57,23,0,27,13,47,511,624,73,117,262,473,0,2,2,4,48,23,5,0,42,55,6,36,19,14,0,0,0,58,105,65,2,29,58,29,78.0
76.0,28.0,24,24,2148.0,3,1,0,0,6,0,8,4,0,8,16,31,679,771,250,354,78,948,38,0,0,11,82,3,0,0,33,14,0,4,22,64,0,1,0,2,5,3,1,45,70,25,77.0
78.0,27.0,21,19,1586.0,0,0,0,0,4,1,8,2,0,1,8,14,275,343,146,231,50,449,8,0,0,1,30,0,0,1,23,14,0,1,18,37,0,2,0,0,0,0,0,30,43,13,78.0
70.0,26.0,20,13,1181.0,0,0,0,0,2,0,14,3,0,4,11,29,195,251,24,39,27,242,2,0,1,4,16,1,1,0,24,21,9,15,9,4,0,1,0,18,36,19,2,22,38,16,71.0
71.0,23.0,13,5,690.0,3,0,1,2,2,0,19,8,0,11,0,10,147,189,27,49,37,188,1,1,0,4,6,3,1,0,24,4,7,18,8,1,1,0,0,16,33,20,0,10,16,6,71.0
89.0,25.0,28,27,2427.0,17,4,4,4,5,0,97,42,4,29,9,30,312,393,102,152,65,442,7,2,0,14,58,15,1,0,31,52,10,13,7,1,1,0,0,43,69,45,3,11,19,8,90.0
89.0,27.0,36,36,3095.0,4,4,0,0,3,0,29,6,0,47,44,81,1521,1683,240,292,254,1724,9,4,0,6,149,30,0,0,35,15,6,19,61,45,0,0,0,32,57,36,2,78,119,41,89.0
72.0,30.0,18,9,933.0,0,1,0,0,4,0,4,1,0,5,4,12,159,200,40,80,22,237,2,0,1,0,20,3,1,0,18,7,0,10,27,16,0,1,0,8,14,8,0,33,57,24,72.0
80.0,25.0,33,33,2970.0,1,2,0,0,2,0,29,9,0,8,5,17,844,962,436,579,229,1082,30,2,0,3,97,4,0,0,23,7,0,4,27,47,0,0,0,5,7,7,0,37,55,18,79.0
70.0,26.0,7,0,101.0,0,0,0,0,0,0,1,0,0,0,0,1,24,30,1,1,1,28,1,0,0,0,2,0,0,0,0,1,0,2,2,0,0,0,0,1,2,1,0,3,3,0,72.0
82.0,23.0,25,16,1392.0,2,1,0,0,0,0,28,9,0,10,9,17,753,834,136,162,126,862,8,6,4,1,95,32,0,0,24,16,0,5,20,13,0,0,0,26,43,30,2,39,72,33,83.0
75.0,28.0,13,12,1110.0,0,0,0,0,2,0,3,1,0,1,2,4,179,209,82,133,50,255,11,0,0,0,19,2,0,0,6,1,0,3,14,11,0,0,1,0,0,0,0,21,27,6,75.0
75.0,22.0,25,14,1344.0,1,1,0,1,1,0,29,5,1,11,8,42,306,381,72,125,408,74,3,0,5,38,33,13,5,0,18,22,5,28,23,30,0,0,0,42,62,46,3,33,55,22,76.0
73.0,21.0,10,8,790.0,0,1,0,0,1,0,3,0,0,5,3,14,350,417,78,144,20,382,3,0,0,128,47,11,2,0,10,1,0,17,12,16,0,0,0,7,13,10,1,22,32,10,71.0
79.0,26.0,35,34,2974.0,12,3,5,6,3,0,64,18,0,37,13,50,523,692,71,126,106,641,0,4,3,5,42,35,3,0,52,45,7,43,25,6,2,0,0,73,119,79,5,32,50,18,78.0
76.0,26.0,30,18,1833.0,2,6,0,0,4,1,29,9,2,40,8,29,407,500,108,207,622,66,45,2,46,8,22,11,3,0,23,20,3,107,17,29,0,0,0,29,62,33,2,28,54,26,75.0
79.0,25.0,24,22,1890.0,0,5,0,0,5,0,10,2,0,32,16,56,843,993,114,178,837,112,13,5,2,203,52,24,9,0,21,10,11,51,18,22,1,1,1,16,33,17,1,32,49,17,80.0
83.0,32.0,17,13,1223.0,1,0,0,0,6,0,3,1,0,3,4,8,751,797,372,407,36,1118,5,0,0,0,109,1,0,0,17,0,1,0,9,15,0,0,0,3,4,3,0,13,15,2,85.0
75.0,24.0,32,32,2722.0,1,1,0,0,4,0,14,4,0,9,5,30,703,819,244,404,931,127,22,3,0,88,74,11,4,0,20,26,2,28,45,66,0,1,1,13,21,14,0,83,112,29,76.0
81.0,32.0,17,13,1330.0,3,0,0,0,1,0,5,4,0,2,4,10,493,520,308,341,96,724,26,0,0,0,27,2,0,0,11,15,0,0,10,29,0,0,0,1,2,1,0,19,24,5,82.0
76.0,28.0,31,21,1897.0,0,2,0,0,3,0,21,8,0,15,17,36,536,640,86,122,98,576,6,3,0,12,67,4,2,0,35,17,4,8,34,17,1,0,0,19,26,20,1,54,78,24,76.0
82.0,24.0,32,21,1744.0,0,2,0,0,3,0,29,3,0,25,19,33,1141,1221,195,231,56,1397,12,5,1,9,136,19,1,0,19,33,0,8,34,9,0,0,0,34,41,34,1,49,70,21,83.0
86.0,27.0,35,27,2505.0,13,8,0,0,2,0,81,28,1,29,39,84,475,607,65,106,111,635,0,6,0,3,32,35,1,0,51,54,24,30,28,15,1,0,0,52,72,53,4,35,51,16,85.0
79.0,30.0,13,5,465.0,0,0,0,0,1,0,5,2,0,9,9,16,226,256,18,32,87,189,3,1,5,1,13,8,0,0,4,11,0,8,11,3,0,0,0,9,13,10,1,16,24,8,81.0
80.0,26.0,19,9,972.0,4,2,0,0,2,0,29,11,1,24,8,23,308,353,52,73,400,30,5,3,20,1,26,19,1,0,23,18,1,28,15,8,0,0,0,21,33,23,1,21,28,7,80.0
80.0,25.0,10,8,689.0,1,1,0,0,2,0,11,4,3,6,19,27,359,393,30,51,28,432,8,0,7,3,28,6,0,0,5,7,0,16,9,7,1,0,0,13,19,14,1,10,24,14,81.0
87.0,24.0,35,34,3057.0,3,3,0,0,3,0,27,7,0,14,11,21,1983,2079,799,928,2093,707,36,6,0,41,322,7,0,0,22,18,2,8,27,38,0,0,0,2,5,3,0,44,60,16,84.0
78.0,24.0,32,32,2745.0,0,1,0,0,4,0,10,1,0,2,7,22,553,673,276,392,158,762,20,1,0,2,42,0,0,0,16,9,1,2,16,39,0,0,0,3,4,3,0,35,43,8,78.0
73.0,28.0,26,25,2252.0,0,1,0,0,5,0,4,0,0,7,5,24,915,1002,275,422,1080,202,31,0,0,67,57,9,3,0,28,7,3,17,30,55,0,1,0,9,13,9,1,58,81,23,75.0
78.0,27.0,12,12,1055.0,0,0,0,0,0,0,6,2,0,3,0,8,258,309,169,237,61,433,16,0,0,5,49,3,0,0,11,6,0,7,14,20,0,1,0,3,3,3,0,29,45,16,78.0
78.0,24.0,21,18,1615.0,1,1,0,0,5,0,27,4,0,11,9,19,560,624,135,190,127,640,5,0,0,4,67,9,0,0,31,23,1,10,40,42,0,0,0,29,45,29,2,51,68,17,78.0
74.0,31.0,16,14,1216.0,1,1,0,0,1,0,4,2,0,7,1,16,199,241,35,59,34,255,0,0,0,4,7,7,2,0,12,16,0,24,20,8,0,1,0,8,15,8,1,33,45,12,77.0
79.0,23.0,30,29,2510.0,2,0,0,0,12,0,33,8,0,15,15,38,1018,1147,287,381,147,1267,38,1,0,1,116,13,1,0,44,51,3,4,35,55,1,0,1,28,34,28,0,46,79,33,79.0
75.0,34.0,14,10,940.0,0,0,0,0,3,0,1,0,0,2,3,30,385,435,72,135,101,370,9,0,0,89,22,6,1,0,11,10,2,30,5,8,0,0,0,8,10,8,0,12,26,14,80.0
81.0,24.0,30,29,2602.0,1,1,0,0,1,0,7,1,0,4,12,27,1015,1079,296,375,260,1091,24,3,0,12,57,6,0,0,20,16,0,0,21,24,0,0,1,7,7,7,1,34,42,8,79.0
82.0,25.0,27,19,1669.0,4,2,1,1,3,0,31,12,0,17,30,49,564,636,74,103,68,685,3,3,2,10,59,14,1,0,27,25,7,18,10,10,2,0,0,19,39,23,1,20,49,29,82.0
76.0,33.0,20,6,683.0,1,4,0,0,2,0,23,5,0,11,6,11,133,185,13,24,34,115,0,0,0,0,9,2,0,0,12,6,5,1,3,2,0,0,1,9,13,10,0,4,7,3,77.0
76.0,24.0,26,12,1227.0,2,0,0,0,1,0,26,9,1,13,5,16,217,280,41,61,44,273,1,0,0,5,12,9,2,0,22,11,11,12,14,9,0,0,0,8,10,8,0,22,28,6,76.0
79.0,22.0,24,6,983.0,6,2,0,0,0,0,27,8,0,17,12,29,480,527,57,68,67,526,2,1,2,3,45,6,0,0,10,23,2,2,15,13,0,0,0,27,42,29,1,18,26,8,77.0
73.0,27.0,6,5,513.0,0,1,0,0,0,0,1,0,0,0,1,3,80,93,58,81,9,139,2,0,0,2,8,0,0,0,3,5,0,0,13,6,0,0,0,0,0,0,0,21,29,8,73.0
74.0,31.0,26,12,1270.0,5,1,0,0,3,0,30,9,0,13,9,24,181,259,21,46,39,183,0,0,0,0,13,5,2,0,26,23,12,13,5,5,1,0,0,6,15,7,0,11,21,10,74.0
72.0,20.0,9,8,687.0,1,0,0,0,2,0,8,2,0,5,1,5,167,191,68,99,71,190,3,1,0,0,29,5,0,0,7,8,0,3,19,8,1,0,0,5,6,5,0,25,41,16,63.0
76.0,20.0,21,3,601.0,0,2,0,0,0,0,12,3,0,9,5,15,198,225,18,33,57,199,2,1,7,4,18,8,2,0,8,22,2,16,8,8,0,0,0,27,40,28,3,15,16,1,72.0
80.0,29.0,13,11,985.0,1,0,0,0,1,0,6,1,0,1,4,8,508,542,204,259,171,555,18,1,0,3,32,2,1,0,3,10,0,4,10,10,1,0,0,0,0,0,0,17,27,10,81.0
72.0,29.0,29,23,2057.0,0,2,0,0,2,0,18,6,1,18,8,52,559,685,180,344,752,130,34,1,32,119,40,28,18,0,14,13,2,140,10,19,0,1,0,12,17,12,0,38,67,29,73.0
75.0,29.0,21,19,1748.0,0,0,0,0,7,0,5,0,0,8,5,18,449,556,169,336,80,555,6,0,0,208,68,17,5,0,22,12,0,59,34,26,0,0,0,14,22,15,0,58,90,32,78.0
83.0,31.0,36,36,3239.0,3,2,0,0,3,0,33,8,9,16,17,31,1460,1571,816,1019,558,1893,94,9,0,9,240,20,1,0,34,29,0,6,34,36,0,0,0,8,9,8,0,52,67,15,83.0
85.0,25.0,32,22,2130.0,12,0,0,0,4,0,59,33,0,24,10,27,321,458,48,98,328,133,0,3,0,0,30,25,2,0,18,3,23,44,8,2,1,0,0,26,38,27,2,11,18,7,87.0
79.0,21.0,36,35,2848.0,7,7,1,2,4,1,82,27,14,96,17,48,925,1070,301,499,168,1396,74,11,156,1,137,47,2,1,26,78,2,206,34,13,2,0,0,43,59,46,6,59,104,45,77.0
69.0,27.0,5,0,32.0,0,0,0,0,0,0,0,0,0,0,1,1,11,12,0,0,1,8,0,0,0,0,2,1,0,0,2,1,0,0,1,0,0,0,0,1,1,1,0,1,1,0,69.0
82.0,25.0,31,31,2598.0,3,0,0,0,6,1,29,11,0,9,12,30,912,1018,572,701,200,1336,63,2,0,4,177,10,0,0,20,16,4,1,19,36,0,0,0,17,20,17,0,33,40,7,82.0
84.0,27.0,27,14,1339.0,7,4,0,1,0,0,54,24,1,25,10,30,557,634,150,220,772,70,9,8,44,11,29,36,7,0,10,15,9,74,10,9,0,0,0,31,55,33,1,14,27,13,85.0
75.0,20.0,16,11,985.0,1,1,0,0,2,1,6,3,0,6,5,25,377,435,72,111,89,356,3,1,0,103,33,7,0,1,8,13,1,18,23,19,0,0,0,19,26,19,0,35,52,17,71.0
88.0,26.0,36,35,3086.0,22,1,0,0,2,0,88,42,0,43,16,61,780,954,136,200,289,826,3,10,3,14,77,42,3,0,35,64,26,39,31,16,1,0,0,61,110,67,4,46,81,35,86.0
74.0,24.0,18,12,1097.0,0,3,0,0,2,0,2,1,0,8,6,25,288,373,58,119,40,310,2,2,0,124,27,10,2,0,13,8,1,29,15,16,0,0,0,5,13,6,0,33,44,11,74.0
75.0,24.0,35,30,2473.0,1,5,0,0,1,0,42,9,3,38,14,71,452,592,131,261,745,86,22,1,35,22,35,31,17,0,29,30,7,153,24,28,1,0,0,43,67,48,1,47,81,34,72.0
75.0,31.0,26,20,1921.0,0,0,0,0,3,0,5,1,0,5,6,12,492,541,238,326,82,713,19,0,0,4,47,3,1,0,19,4,1,1,14,25,0,0,0,1,3,2,0,40,58,18,74.0
83.0,22.0,27,18,1624.0,10,2,1,1,2,0,37,22,0,33,12,44,522,637,41,71,102,605,0,3,2,11,35,30,4,0,14,28,6,33,16,3,2,0,0,31,57,34,1,19,31,12,84.0
74.0,24.0,14,11,1003.0,0,1,0,0,5,0,3,0,0,2,7,24,349,413,80,128,359,56,13,0,16,98,30,4,2,0,17,10,1,31,14,16,0,0,0,6,11,6,0,26,41,15,74.0
76.0,24.0,23,19,1755.0,0,1,0,0,2,0,4,1,0,15,14,38,711,802,153,252,829,50,15,3,0,168,65,13,6,0,16,5,0,36,36,36,0,0,0,30,43,30,1,53,85,32,76.0
82.0,30.0,22,16,1293.0,3,2,0,0,3,0,19,6,3,29,10,23,483,543,125,200,649,104,18,1,35,4,62,22,5,0,10,9,8,67,3,6,2,0,0,12,20,13,0,6,26,20,83.0
81.0,29.0,28,28,2440.0,1,0,0,0,7,1,12,3,0,14,23,42,1180,1297,376,458,1430,233,52,2,0,4,173,20,3,1,27,20,1,9,29,31,0,0,0,18,21,20,0,49,91,42,86.0
82.0,26.0,22,17,1532.0,1,0,0,0,3,0,8,2,0,2,5,12,789,851,364,457,160,1043,20,1,0,10,85,5,0,0,12,17,0,0,23,31,0,0,0,5,7,5,0,32,45,13,81.0
70.0,20.0,4,3,149.0,0,0,0,0,1,0,1,0,0,1,2,3,88,92,35,38,25,98,1,0,0,0,12,0,0,0,2,0,0,0,2,5,0,0,0,1,1,1,0,4,4,0,68.0
73.0,24.0,15,13,1130.0,0,0,0,0,2,0,2,1,0,1,2,6,263,291,132,190,81,344,15,0,0,1,19,0,0,0,6,5,0,3,6,19,0,0,0,3,3,3,1,11,16,5,75.0
72.0,22.0,22,10,982.0,1,1,0,0,1,0,15,5,0,7,2,14,156,207,30,61,27,236,1,1,5,5,9,4,2,0,9,6,6,34,7,6,0,0,0,10,25,13,2,14,21,7,72.0
76.0,30.0,38,36,3072.0,3,6,0,0,7,0,34,8,0,30,16,54,915,1066,220,334,328,1011,14,6,2,21,106,14,0,0,61,39,2,16,56,43,0,1,0,29,42,30,2,89,154,65,76.0
75.0,27.0,1,0,14.0,0,0,0,0,0,0,0,0,0,0,1,2,4,4,2,2,2,6,1,0,0,0,1,0,0,0,0,0,0,0,0,1,0,0,0,0,0,0,0,1,1,0,78.0
73.0,29.0,15,10,841.0,0,0,0,0,5,1,4,0,0,3,6,9,364,400,114,158,64,466,22,0,0,0,46,0,0,1,12,6,0,3,10,11,0,0,0,1,2,1,1,10,18,8,75.0
74.0,18.0,21,19,1598.0,3,5,0,0,2,0,28,6,4,27,8,41,303,378,72,165,519,26,23,0,21,7,25,19,13,0,15,10,1,118,11,14,0,0,0,33,58,36,0,25,61,36,62.0
77.0,21.0,16,9,861.0,2,0,0,0,1,0,15,6,0,1,5,9,312,345,70,101,21,387,4,0,0,2,33,1,0,0,11,16,1,3,13,14,0,0,0,2,9,4,0,16,21,5,71.0
78.0,28.0,38,38,3420.0,0,2,0,0,9,0,23,6,0,9,6,25,666,787,447,672,1058,194,26,0,0,8,122,5,1,0,28,20,0,4,24,44,0,1,2,9,12,9,0,54,72,18,80.0
72.0,26.0,20,11,985.0,4,1,1,1,0,0,20,8,0,20,3,30,143,202,27,52,34,211,0,1,2,3,15,4,2,0,7,3,3,26,23,11,1,0,0,26,35,26,2,35,46,11,71.0
80.0,24.0,10,10,900.0,0,5,0,0,1,0,7,2,0,12,5,13,559,615,104,163,632,38,6,0,0,93,54,27,11,0,12,2,0,51,8,10,0,0,0,12,18,15,3,15,26,11,81.0
75.0,26.0,31,23,2087.0,0,0,0,0,5,0,3,0,0,6,12,28,783,858,174,220,122,938,3,0,0,1,95,3,1,0,22,36,0,4,23,27,0,1,0,19,27,21,0,40,63,23,74.0
73.0,20.0,13,10,849.0,0,1,0,0,1,0,2,0,0,0,2,5,216,244,106,142,20,321,12,1,0,5,17,0,0,0,7,4,0,1,4,15,0,0,0,4,6,5,1,10,12,2,68.0
78.0,22.0,29,15,1413.0,1,2,0,0,3,0,35,6,0,23,11,31,498,575,57,91,217,450,2,1,20,3,45,13,2,0,10,18,1,25,16,17,1,0,0,19,26,19,0,34,48,14,79.0
81.0,27.0,38,38,3420.0,12,2,10,11,10,0,47,13,16,59,27,65,1201,1378,401,697,278,1684,107,4,136,9,181,24,6,0,60,39,0,183,67,72,0,0,0,18,28,20,0,93,160,67,79.0
81.0,32.0,31,19,1785.0,5,4,3,3,6,1,21,4,1,45,17,52,967,1091,316,471,130,1341,41,7,90,90,143,28,3,1,28,27,0,133,26,16,0,0,0,17,21,18,1,44,77,33,81.0
78.0,23.0,13,10,890.0,1,0,0,0,3,0,4,1,0,3,1,5,267,297,145,186,69,366,16,0,0,2,28,1,0,0,13,5,1,0,12,7,1,0,0,1,1,1,0,17,23,6,78.0
74.0,25.0,5,2,141.0,0,0,0,0,0,0,0,0,0,0,1,3,57,66,16,22,70,7,1,0,0,7,8,0,0,0,0,1,0,1,2,7,0,0,0,1,1,1,0,3,4,1,70.0
78.0,23.0,37,37,3281.0,11,3,1,1,7,0,122,42,2,26,27,58,666,887,68,108,84,642,0,4,0,5,45,16,0,0,61,59,34,7,10,8,1,0,0,32,59,34,10,16,25,9,76.0
81.0,29.0,25,19,1644.0,6,4,0,0,1,0,50,14,1,27,16,52,553,659,92,161,174,639,12,10,44,10,67,28,1,0,27,11,3,63,18,17,0,0,0,24,51,27,3,28,52,24,84.0
79.0,32.0,22,21,1861.0,1,3,0,0,5,0,9,4,0,11,18,44,938,1024,165,228,961,128,17,0,0,137,68,14,3,0,17,21,1,28,27,28,1,0,0,10,14,10,0,36,53,17,80.0
76.0,27.0,25,24,2166.0,0,1,0,0,4,0,8,1,0,19,7,41,733,862,155,242,113,709,7,1,0,241,67,15,4,0,29,17,0,37,26,49,0,0,0,12,21,15,1,56,85,29,77.0
76.0,27.0,29,25,2327.0,3,1,1,1,4,0,39,13,8,43,16,57,857,993,205,377,368,1009,45,3,75,7,134,26,7,0,26,15,1,139,43,16,0,0,0,30,53,32,0,66,108,42,79.0
83.0,25.0,16,11,943.0,5,0,0,0,3,0,35,16,0,6,9,12,140,173,22,34,31,170,0,1,0,0,13,1,0,0,19,16,20,3,6,0,0,0,0,7,12,7,0,9,11,2,83.0
76.0,26.0,2,2,155.0,0,0,0,0,0,0,1,0,0,3,0,2,83,89,27,35,106,3,0,1,0,13,7,5,1,0,1,1,0,4,2,1,0,0,0,4,5,4,0,4,4,0,77.0
75.0,34.0,22,21,1924.0,3,0,0,0,3,2,14,5,0,2,9,15,522,600,208,281,114,638,17,0,0,4,34,0,0,2,18,6,3,0,16,29,0,0,0,3,3,3,0,29,31,2,75.0
74.0,27.0,34,34,3040.0,1,3,0,0,6,0,33,7,0,17,4,27,349,511,172,371,64,418,9,0,0,141,35,8,1,0,32,21,9,5,30,54,0,3,0,11,13,12,0,45,60,15,74.0
78.0,27.0,2,0,26.0,0,0,0,0,0,0,0,0,0,0,0,1,10,12,1,1,3,10,0,0,0,0,0,1,0,0,1,1,0,0,0,0,0,0,0,0,1,0,0,0,0,0,78.0
73.0,23.0,31,19,1776.0,2,3,0,0,1,1,63,24,0,17,7,32,322,469,34,56,53,288,1,1,0,3,25,2,0,0,32,15,15,9,8,5,0,0,0,12,21,14,0,14,25,11,76.0
83.0,25.0,32,25,2128.0,10,0,0,0,3,0,45,20,0,27,10,35,486,595,65,115,58,603,1,2,0,7,37,16,2,0,25,48,14,17,23,24,0,0,0,44,83,46,0,33,51,18,82.0
71.0,22.0,24,1,345.0,1,0,0,0,1,0,13,7,0,4,4,9,76,105,6,7,13,92,0,1,0,0,9,5,0,0,7,5,4,3,4,1,0,0,0,5,13,7,1,5,8,3,70.0
84.0,31.0,38,35,3039.0,1,8,0,0,4,0,18,3,1,80,15,32,1170,1309,475,722,140,1787,101,3,155,8,195,38,9,0,55,37,0,194,65,38,0,1,0,15,21,15,1,99,196,97,81.0
71.0,23.0,9,3,299.0,0,1,0,0,0,0,2,1,0,1,0,1,26,41,13,29,19,39,1,1,0,7,2,2,1,0,4,0,1,16,4,2,0,0,0,3,7,3,0,6,12,6,72.0
72.0,23.0,29,22,1823.0,3,2,0,0,2,0,45,15,3,14,3,32,163,228,43,124,102,247,6,4,13,6,20,11,5,0,14,54,11,74,9,12,0,0,0,46,102,54,8,25,48,23,69.0
77.0,34.0,38,30,2514.0,13,1,4,4,5,0,51,16,0,11,16,42,333,517,36,74,64,338,2,3,0,1,25,9,3,0,80,54,38,8,7,2,1,1,0,14,21,16,0,14,34,20,76.0
79.0,26.0,31,31,2615.0,2,0,0,0,9,0,19,9,0,5,8,22,936,1055,494,670,44,1493,37,6,0,29,112,9,0,0,42,9,4,11,36,59,0,2,0,12,15,12,0,63,76,13,82.0
75.0,26.0,17,5,516.0,1,0,0,0,1,0,5,3,0,3,4,18,75,91,10,18,35,67,0,0,0,1,10,0,0,0,13,10,2,4,7,5,0,0,0,11,17,11,0,11,17,6,76.0
74.0,23.0,1,0,4.0,0,1,0,0,0,0,0,0,0,1,0,0,2,2,1,2,0,4,0,0,0,0,0,1,1,0,0,1,0,2,0,0,0,0,0,0,0,0,0,0,0,0,76.0
78.0,31.0,5,3,245.0,0,2,0,0,0,0,3,0,0,6,5,5,109,120,21,30,10,143,1,0,1,2,11,5,0,0,3,2,3,3,0,1,0,0,0,2,4,2,0,0,0,0,82.0
73.0,23.0,2,1,84.0,0,0,0,0,0,0,0,0,0,0,2,2,16,20,4,12,2,20,0,0,0,6,0,0,0,0,1,0,0,5,1,0,0,0,0,1,1,1,0,3,4,1,74.0
81.0,21.0,38,37,3298.0,2,0,0,0,8,0,56,9,0,22,20,67,1255,1485,359,483,260,1533,17,1,0,3,155,11,0,0,47,23,2,12,109,80,0,0,0,40,52,45,4,160,216,56,80.0
82.0,21.0,35,34,3009.0,4,3,2,2,8,0,71,15,11,19,7,40,981,1122,581,784,151,1648,63,4,4,2,198,17,3,0,37,19,0,28,39,73,0,0,0,12,21,14,0,64,127,63,80.0
73.0,28.0,13,12,940.0,0,0,0,0,0,0,17,6,0,5,5,22,101,131,9,16,26,114,0,1,0,0,4,5,1,0,8,17,9,5,6,2,0,0,0,29,47,32,0,11,15,4,75.0
68.0,19.0,5,0,62.0,1,0,0,0,0,0,3,1,0,1,1,1,18,18,0,1,4,16,0,0,0,0,1,1,0,0,1,2,2,0,1,0,0,0,0,2,3,2,0,1,1,0,64.0
76.0,31.0,31,29,2307.0,5,5,4,4,6,1,13,5,0,21,21,39,919,1044,353,450,107,1357,63,7,1,14,140,26,4,0,24,39,1,23,38,21,0,0,0,15,22,16,1,55,90,35,76.0
75.0,28.0,5,4,361.0,0,1,0,0,0,0,0,0,0,3,2,3,111,123,78,102,20,192,10,0,0,0,13,0,0,0,5,2,0,0,3,6,0,0,0,2,2,2,0,6,9,3,76.0
63.0,18.0,6,1,135.0,1,1,0,0,1,0,8,2,0,2,0,1,16,21,1,1,3,15,0,0,0,1,0,2,0,0,2,3,1,1,1,1,0,0,0,1,4,2,0,1,2,1,62.0
77.0,26.0,24,12,1120.0,0,1,0,0,0,0,16,1,0,4,5,14,335,403,94,132,79,433,11,0,0,1,47,3,0,0,15,11,2,7,25,14,0,0,0,8,9,9,0,39,66,27,77.0
69.0,30.0,31,29,2594.0,0,1,0,0,4,0,10,1,0,11,10,28,878,975,277,415,95,1117,33,1,1,81,106,9,2,0,37,31,0,13,37,38,0,1,1,22,28,23,0,55,73,18,69.0
77.0,30.0,24,20,1870.0,1,1,0,0,2,0,13,5,0,4,9,13,459,517,191,257,499,194,18,1,0,1,35,2,0,0,15,8,0,0,23,34,0,0,0,2,2,2,0,38,50,12,78.0
75.0,28.0,2,0,22.0,0,0,0,0,1,0,2,0,0,2,1,1,7,10,1,2,0,9,0,0,0,0,1,0,0,0,1,1,0,0,0,0,0,0,0,1,1,1,0,0,0,0,74.0
73.0,32.0,21,1,269.0,0,1,0,0,0,0,4,3,0,2,1,5,70,84,4,10,23,61,0,0,0,0,4,1,0,0,6,6,3,0,4,2,0,0,0,5,13,6,1,6,9,3,76.0
78.0,23.0,12,4,366.0,3,1,0,0,0,0,13,6,1,3,2,9,63,87,12,19,20,83,0,3,0,2,5,4,2,0,2,5,3,5,4,1,0,0,0,8,15,9,0,6,9,3,77.0
83.0,30.0,18,14,1233.0,0,0,0,0,1,0,14,3,0,2,3,10,806,844,347,389,71,1100,16,0,0,4,80,2,0,0,8,3,0,1,16,28,0,0,0,1,1,1,0,29,31,2,86.0
80.0,24.0,2,0,19.0,0,0,0,0,0,0,1,1,0,1,0,1,8,9,4,4,1,13,0,0,0,0,3,0,0,0,0,1,0,0,0,1,0,0,0,1,1,1,0,1,1,0,80.0
84.0,29.0,24,20,1741.0,5,2,0,0,2,0,11,6,0,46,24,36,850,941,154,202,1021,128,24,5,39,7,101,48,9,0,10,23,10,45,5,5,0,0,0,18,31,19,1,9,26,17,86.0
77.0,23.0,10,7,660.0,0,0,0,0,0,0,5,1,2,4,7,21,409,438,35,59,415,27,4,1,0,61,22,14,3,0,8,6,0,28,8,6,0,0,0,10,14,11,1,17,21,4,76.0
84.0,30.0,25,25,2199.0,1,2,0,0,12,0,10,1,0,4,3,8,797,846,415,499,85,1194,41,2,0,2,33,3,0,0,37,25,0,1,32,27,0,1,0,8,8,8,0,50,68,18,84.0
73.0,23.0,27,21,1996.0,5,1,1,1,4,0,39,7,0,19,5,37,241,449,35,98,54,226,0,5,0,0,44,18,2,0,42,30,12,24,15,8,0,0,0,9,20,13,0,30,57,27,71.0
82.0,31.0,31,21,1780.0,8,2,0,0,2,0,58,24,0,27,13,31,820,926,117,178,303,805,12,4,5,8,50,24,3,0,17,26,8,61,15,17,0,0,0,38,55,38,3,23,39,16,82.0
68.0,31.0,20,17,1542.0,0,0,0,0,4,0,1,1,0,2,7,17,203,276,69,149,15,261,9,0,0,96,21,2,1,0,15,6,0,6,19,17,0,0,0,4,4,4,0,38,52,14,69.0
77.0,22.0,15,6,594.0,1,1,0,0,5,0,8,2,1,9,10,17,224,256,63,87,41,302,4,3,6,1,37,6,1,0,12,6,1,13,6,9,0,0,0,10,15,10,0,8,17,9,78.0
82.0,24.0,35,35,3125.0,2,6,0,0,7,0,26,9,0,31,21,69,1266,1538,208,349,218,1305,9,3,1,303,109,24,3,0,43,48,2,104,70,63,1,1,0,62,95,72,0,119,191,72,81.0
80.0,27.0,33,33,2824.0,6,1,0,0,3,0,56,21,6,38,22,64,788,910,157,213,158,955,27,3,17,23,71,33,4,0,27,37,2,41,20,20,1,0,0,46,93,54,2,24,50,26,79.0
78.0,25.0,37,34,2929.0,12,2,0,0,2,0,53,26,0,38,21,63,517,629,71,120,94,658,0,5,0,0,46,22,2,0,46,42,9,22,35,42,0,0,0,63,98,67,4,52,104,52,76.0
77.0,29.0,15,4,466.0,3,0,0,0,0,0,9,3,0,8,3,12,92,112,7,24,131,11,0,2,0,0,4,4,0,0,5,3,3,2,3,3,0,0,0,5,7,5,0,4,8,4,79.0
88.0,25.0,35,34,3011.0,13,9,7,10,6,0,96,38,6,51,21,57,1311,1507,396,551,230,1776,30,13,1,10,225,60,4,0,54,69,5,28,37,20,1,0,0,60,95,62,0,47,72,25,88.0
73.0,25.0,30,26,2091.0,2,0,0,0,2,0,48,14,1,34,21,64,594,733,79,180,183,726,20,1,23,2,60,24,4,0,14,51,7,79,18,17,0,0,0,33,67,39,2,28,67,39,74.0
73.0,31.0,1,0,13.0,0,0,0,0,0,0,0,0,0,0,0,0,2,2,1,1,1,2,0,0,0,0,0,0,0,0,1,0,0,0,0,0,0,0,0,0,0,0,0,0,0,0,75.0
77.0,26.0,30,30,2551.0,1,1,0,0,2,0,15,2,0,19,18,46,720,864,242,342,145,1007,3,5,2,0,122,21,3,0,34,19,2,19,36,52,0,0,0,36,52,40,0,49,88,39,77.0
68.0,27.0,2,0,37.0,0,0,0,0,0,0,0,0,0,1,1,2,11,14,1,1,0,16,0,0,0,0,2,3,0,0,2,0,1,0,0,0,0,0,0,0,0,0,0,0,1,1,69.0
69.0,18.0,8,3,335.0,1,0,0,0,0,0,5,1,0,1,2,6,149,166,47,60,19,207,0,0,0,1,25,3,1,0,7,6,0,2,8,4,0,0,0,8,15,9,0,13,20,7,58.0
74.0,24.0,28,22,1958.0,0,0,0,1,4,1,22,2,0,28,9,29,391,490,168,344,666,111,59,1,51,1,107,16,5,0,29,11,1,79,37,27,0,0,0,4,5,4,0,50,74,24,74.0
83.0,27.0,28,14,1328.0,4,6,0,0,0,0,33,12,0,24,11,38,527,612,109,140,124,622,7,5,2,15,53,19,3,0,21,20,5,16,19,7,0,0,0,12,21,14,1,31,49,18,82.0
61.0,17.0,1,1,90.0,0,0,0,0,0,0,0,0,0,0,0,0,10,11,4,7,2,13,0,0,0,3,0,0,0,0,0,0,0,0,2,0,0,0,0,0,0,0,0,3,3,0,60.0
83.0,20.0,33,26,2343.0,10,6,0,0,3,1,83,40,12,38,8,40,466,560,64,128,61,602,8,5,23,6,32,21,3,0,26,52,15,54,9,4,1,1,0,48,90,52,5,19,38,19,82.0
72.0,30.0,26,25,2049.0,0,0,0,0,1,0,1,0,0,2,2,14,707,757,201,265,750,188,16,0,0,4,48,2,0,0,11,9,0,1,14,23,0,0,0,6,7,6,0,25,40,15,73.0
77.0,24.0,38,36,3278.0,6,4,0,0,3,0,74,22,3,55,23,78,685,861,169,276,114,1033,3,3,11,2,62,50,14,0,29,28,15,77,29,22,0,0,0,107,177,116,9,43,74,31,75.0
73.0,25.0,27,16,1422.0,5,2,1,1,0,0,25,7,1,14,10,27,206,256,21,47,36,268,1,2,0,1,15,6,1,0,6,27,11,7,9,4,0,0,0,23,31,25,0,12,25,13,74.0
78.0,19.0,34,34,3004.0,2,0,0,0,4,0,24,5,0,9,17,36,1002,1119,345,415,285,1149,25,2,0,3,127,5,0,0,17,8,1,3,68,50,0,0,0,25,33,25,0,93,151,58,69.0
69.0,27.0,4,0,129.0,0,0,0,0,0,0,0,0,0,0,0,0,22,28,3,7,2,21,1,0,0,9,2,0,0,0,0,0,0,0,1,2,0,0,0,0,0,0,0,1,1,0,69.0
79.0,21.0,35,32,2678.0,13,1,0,0,5,1,87,27,1,17,16,75,452,623,78,139,195,526,6,3,0,4,39,19,1,0,33,73,17,48,34,15,2,0,0,41,80,50,2,55,72,17,80.0
74.0,25.0,12,5,607.0,0,0,0,0,1,0,9,0,1,11,3,13,208,265,48,104,278,20,13,0,11,61,22,6,4,0,10,11,0,38,5,14,0,1,0,5,8,6,0,12,21,9,76.0
75.0,28.0,36,35,2941.0,2,8,1,2,9,0,39,7,0,53,14,86,782,959,240,535,1038,236,53,1,100,216,63,41,24,0,55,39,1,260,40,57,0,1,0,17,33,17,0,65,98,33,77.0
85.0,24.0,36,36,3219.0,0,11,0,0,4,0,14,5,0,52,10,54,1861,2085,412,658,2248,149,34,2,5,291,159,72,18,0,20,16,1,133,44,31,0,0,0,30,44,32,1,76,130,54,83.0
78.0,28.0,5,2,211.0,0,0,0,0,2,0,6,3,1,0,0,4,77,88,22,45,110,10,5,0,0,7,11,1,0,0,3,1,0,3,3,6,0,0,1,1,1,1,0,5,9,4,80.0
76.0,26.0,31,25,2139.0,1,0,0,0,11,0,10,4,0,7,14,36,710,819,174,261,176,814,7,2,1,4,121,9,1,0,46,17,0,3,60,46,0,0,0,12,14,12,0,86,136,50,78.0
79.0,28.0,32,30,2608.0,11,7,0,0,1,0,89,29,9,30,21,53,454,619,63,100,93,472,0,2,0,2,42,22,3,0,22,26,20,15,8,6,1,0,0,20,43,24,4,11,29,18,77.0
80.0,28.0,26,20,1798.0,0,3,0,0,5,0,15,2,0,26,10,47,722,858,137,268,794,155,25,2,16,160,58,34,16,0,26,47,1,87,29,23,1,0,0,35,64,39,6,51,68,17,80.0
58.0,17.0,2,1,69.0,0,0,0,0,0,0,0,0,0,0,1,1,10,12,2,4,6,10,0,0,0,0,0,0,0,0,2,0,0,0,1,1,0,1,0,2,4,2,0,2,2,0,58.0
82.0,25.0,33,33,2874.0,1,0,0,0,7,0,28,7,0,5,32,40,1617,1704,661,784,309,2056,53,2,0,13,177,10,0,0,29,15,1,1,20,29,0,0,0,4,6,5,1,38,60,22,81.0
65.0,21.0,2,1,48.0,0,0,0,0,0,0,0,0,0,0,0,0,7,9,1,1,2,5,0,0,0,0,0,0,0,0,0,1,0,0,1,1,0,0,0,0,0,0,0,2,2,0,64.0
77.0,28.0,19,12,1144.0,2,0,0,0,7,0,11,5,0,3,2,19,367,432,184,255,530,91,18,0,0,12,60,5,2,0,27,9,0,8,23,28,0,0,0,5,5,5,0,45,64,19,74.0
65.0,16.0,1,0,7.0,0,0,0,0,0,0,0,0,0,0,0,0,0,0,0,0,0,0,0,0,0,0,0,0,0,0,0,0,0,0,0,0,0,0,0,0,0,0,0,0,0,0,65.0
79.0,28.0,27,27,2417.0,0,0,0,0,2,0,5,0,0,7,4,9,839,906,292,370,990,210,35,1,0,3,81,3,0,0,6,13,0,0,15,42,0,2,0,11,11,11,0,28,38,10,80.0
90.0,26.0,38,37,3262.0,22,8,3,3,1,0,135,60,3,68,19,58,746,916,99,176,915,180,12,20,35,12,58,57,5,0,25,32,28,57,14,5,5,0,0,79,139,86,8,16,30,14,88.0
82.0,29.0,20,9,877.0,1,3,0,0,3,0,18,9,2,20,5,16,226,293,61,100,37,361,2,1,4,0,25,25,4,0,15,18,8,23,8,9,0,0,0,20,28,21,0,14,25,11,87.0
75.0,32.0,7,2,240.0,0,0,0,0,0,0,3,0,0,2,2,2,86,95,36,43,23,108,6,0,0,0,14,1,0,0,3,1,0,0,1,1,0,0,0,6,8,6,0,2,8,6,77.0
83.0,22.0,23,22,1943.0,1,1,0,0,2,0,12,3,0,1,7,18,846,901,436,505,203,1123,24,0,0,2,42,0,0,0,20,10,0,0,23,27,0,0,0,0,1,0,0,36,52,16,84.0
86.0,22.0,31,21,1867.0,10,10,0,0,1,0,56,24,5,36,17,50,671,777,62,127,747,166,4,6,49,6,26,38,1,0,10,14,19,99,19,9,1,0,0,60,104,65,6,23,39,16,86.0
79.0,26.0,24,22,2004.0,4,1,0,0,12,0,23,7,1,11,2,20,402,488,295,521,111,826,41,2,0,7,86,8,0,0,28,20,1,17,28,65,0,1,0,12,19,13,0,63,101,38,75.0
76.0,28.0,37,37,3261.0,1,0,0,0,5,1,14,3,0,1,8,20,811,919,452,562,224,1034,38,1,0,3,74,2,0,1,26,20,0,0,45,67,0,1,0,1,2,1,0,75,108,33,78.0
74.0,25.0,30,18,1665.0,4,1,0,0,1,0,29,9,0,17,13,32,421,521,50,93,436,117,0,1,0,9,49,12,3,0,25,14,0,18,19,22,1,0,0,26,39,28,1,41,65,24,73.0
77.0,28.0,14,10,833.0,0,1,0,0,2,0,3,0,0,9,3,6,380,414,101,124,78,430,6,0,0,0,48,4,0,0,21,8,0,2,14,15,0,0,0,7,8,7,0,24,40,16,79.0
76.0,27.0,24,21,1651.0,6,0,0,0,2,0,56,17,4,21,4,27,364,434,58,110,79,437,5,1,2,9,33,19,4,0,17,19,11,41,16,8,0,0,0,27,54,30,2,22,59,37,78.0
72.0,24.0,17,9,754.0,1,2,0,0,1,0,10,3,0,7,3,20,174,216,9,25,167,58,0,0,5,1,11,4,0,0,13,9,1,11,9,8,0,0,0,22,41,22,1,13,24,11,71.0
78.0,27.0,32,27,2250.0,1,2,0,0,6,0,18,6,3,55,19,39,1073,1190,341,483,208,1413,57,2,89,3,124,22,4,0,33,23,1,108,35,33,0,0,0,16,21,16,0,47,75,28,82.0
75.0,18.0,35,26,2294.0,2,6,0,0,0,0,28,10,0,30,3,30,506,633,73,166,637,86,9,3,29,64,34,15,3,0,20,22,16,68,25,17,0,0,0,32,65,35,3,37,55,18,75.0
82.0,26.0,24,11,1057.0,6,3,0,0,2,0,26,10,5,19,5,18,434,496,106,181,535,116,11,7,27,12,49,30,2,0,9,14,2,47,4,5,0,0,0,8,14,8,0,9,24,15,81.0
81.0,23.0,29,29,2592.0,1,4,0,0,11,0,20,6,0,33,25,70,1444,1612,188,302,1458,123,26,3,14,277,122,36,9,0,42,18,1,51,25,22,0,0,0,28,39,30,0,45,69,24,78.0
77.0,26.0,16,10,944.0,1,1,0,0,1,0,24,8,5,24,4,10,286,345,168,323,91,548,52,0,31,3,79,20,6,0,16,5,0,50,9,8,0,0,0,14,17,15,0,19,34,15,78.0
83.0,28.0,38,36,3134.0,13,6,2,5,3,0,81,29,7,72,18,73,633,781,179,377,221,943,61,15,105,1,99,42,4,0,33,39,3,196,31,29,0,0,0,38,62,42,0,47,80,33,82.0
78.0,29.0,2,1,88.0,0,0,0,0,0,0,0,0,0,0,0,2,58,63,12,14,12,65,1,0,0,1,9,1,0,0,1,2,0,0,1,1,0,0,0,0,0,0,0,2,3,1,79.0
87.0,23.0,36,31,2853.0,7,7,0,0,3,0,64,22,0,70,27,71,1248,1388,238,339,1566,134,22,13,21,33,96,38,2,0,31,24,2,71,46,27,1,0,0,50,81,55,5,58,111,53,84.0
88.0,32.0,33,28,2411.0,6,8,0,0,2,0,50,18,4,73,17,50,1532,1715,234,318,1733,280,26,16,23,8,136,83,5,0,26,25,6,74,22,19,0,0,0,27,42,31,0,27,49,22,89.0
67.0,21.0,1,0,17.0,0,0,0,0,0,0,2,0,0,1,0,0,3,4,0,1,1,3,0,0,0,0,0,0,0,0,0,0,0,0,0,0,0,0,0,0,0,0,0,0,0,0,67.0
70.0,31.0,6,3,291.0,0,0,0,0,0,0,0,0,0,1,4,6,80,108,24,40,7,90,2,1,0,35,5,0,0,0,2,0,0,1,7,6,0,0,0,0,0,0,0,9,12,3,74.0
67.0,21.0,6,4,403.0,0,0,0,0,0,0,2,1,0,1,2,4,125,144,64,77,173,28,3,0,0,6,12,1,0,0,3,1,0,0,4,10,0,1,1,0,0,0,0,7,9,2,61.0
67.0,21.0,7,2,209.0,0,1,0,0,0,0,5,1,0,2,2,3,30,37,4,6,9,33,0,1,0,0,1,0,0,0,1,5,1,1,0,1,0,0,0,3,4,3,0,1,1,0,67.0
81.0,28.0,29,27,2336.0,0,3,0,0,2,0,15,3,0,23,32,58,987,1096,186,243,140,1169,11,2,0,22,106,10,1,0,25,19,3,28,30,16,0,0,0,45,69,49,1,45,67,22,76.0
67.0,17.0,8,2,216.0,0,0,0,0,0,0,2,0,0,1,2,7,89,102,25,28,8,115,2,0,0,2,7,0,0,0,4,3,0,0,3,1,0,0,0,2,3,3,0,5,8,3,61.0
62.0,19.0,3,1,110.0,0,0,0,0,0,0,2,0,0,0,1,3,14,18,6,11,1,25,0,0,0,0,3,1,0,0,4,3,0,1,2,2,0,0,0,1,2,1,0,4,8,4,60.0
80.0,28.0,24,24,2128.0,1,0,0,0,1,0,12,4,0,3,10,17,535,590,255,317,58,714,23,0,0,6,21,1,0,0,22,8,2,0,15,27,0,1,1,1,2,1,0,29,38,9,81.0
76.0,27.0,25,25,2072.0,1,1,0,0,5,1,8,1,0,10,8,31,726,843,126,198,125,702,25,0,6,174,73,14,2,0,18,44,0,23,28,32,0,1,0,18,37,19,0,49,70,21,75.0
72.0,26.0,15,13,1141.0,0,0,0,0,2,1,2,0,0,9,4,15,353,419,113,184,55,418,6,0,0,116,32,5,2,0,11,6,0,24,15,18,0,0,0,4,7,4,0,25,46,21,73.0
76.0,30.0,33,25,2222.0,2,5,0,0,10,0,31,8,4,61,58,87,650,771,167,298,974,121,36,4,116,7,81,27,3,0,36,49,3,169,27,11,0,1,0,34,59,37,1,45,80,35,75.0
76.0,26.0,18,16,1494.0,1,2,0,0,4,0,10,3,1,13,5,30,473,566,99,226,96,545,15,0,2,119,50,13,7,0,9,7,1,64,17,21,0,0,0,9,14,9,0,28,43,15,77.0
70.0,20.0,10,2,341.0,0,1,0,0,0,0,9,3,0,8,5,13,66,79,2,9,20,69,0,0,0,0,3,2,0,0,2,9,1,1,6,2,0,0,0,9,14,9,0,8,12,4,70.0
74.0,22.0,6,4,371.0,0,0,0,0,1,0,2,1,0,0,4,6,133,143,46,66,45,147,6,0,0,2,11,1,0,0,9,2,0,2,5,6,0,1,0,4,5,4,0,7,11,4,75.0
75.0,28.0,23,11,1027.0,2,3,1,1,1,0,33,9,10,15,9,32,343,406,57,99,37,453,11,2,23,18,30,25,2,0,6,10,3,37,7,3,0,0,0,17,28,18,2,11,18,7,75.0
76.0,29.0,30,29,2486.0,1,1,0,0,6,1,10,2,0,21,10,32,793,899,342,438,150,1103,10,0,2,3,140,11,0,0,44,10,0,2,53,49,0,0,0,11,15,11,0,76,132,56,76.0
74.0,24.0,24,19,1696.0,1,0,0,0,4,0,7,5,0,4,7,14,418,491,174,288,64,610,25,1,0,33,51,4,0,0,13,7,0,2,15,34,0,1,0,3,6,4,0,24,43,19,74.0
88.0,23.0,34,31,2777.0,17,9,0,0,3,0,76,37,1,58,17,61,1026,1157,56,119,147,1139,4,6,19,14,22,50,4,0,41,44,13,75,17,16,2,0,0,86,142,91,7,29,40,11,87.0
83.0,24.0,24,20,1762.0,0,0,0,0,1,0,5,1,0,5,8,10,1177,1223,461,508,174,1464,15,1,1,13,111,5,0,0,6,7,1,2,11,15,0,0,0,5,5,5,0,15,19,4,82.0
77.0,28.0,18,4,496.0,2,1,0,0,1,0,18,6,0,8,4,11,120,145,24,32,134,43,0,3,0,0,13,11,0,0,5,10,4,3,2,2,0,0,0,5,6,5,0,3,5,2,80.0
78.0,24.0,4,0,67.0,0,0,0,0,0,0,0,0,0,0,2,3,26,28,4,4,1,32,1,1,0,1,2,1,0,0,0,1,1,0,1,1,0,0,0,3,6,3,0,1,1,0,79.0
73.0,22.0,30,9,1037.0,1,1,0,0,4,0,28,11,0,19,10,30,208,275,44,64,40,271,1,3,0,2,14,19,2,0,24,48,12,13,17,2,0,0,0,16,32,18,1,21,23,2,73.0
76.0,29.0,18,14,1302.0,0,1,0,0,2,0,9,2,1,15,6,13,353,399,161,232,79,505,46,2,36,1,52,8,0,0,12,16,0,55,10,20,0,0,0,4,9,5,1,15,27,12,76.0
75.0,31.0,18,16,1438.0,0,0,0,0,2,0,9,1,0,9,10,18,543,604,172,217,645,125,21,0,1,2,66,17,1,0,8,6,0,2,8,10,0,0,0,4,6,4,0,13,24,11,76.0
65.0,20.0,2,0,11.0,0,0,0,0,0,0,2,1,0,1,0,0,3,5,0,0,0,4,0,0,0,0,0,0,0,0,0,1,0,0,0,0,0,0,0,0,0,0,0,0,0,0,60.0
73.0,22.0,12,0,173.0,0,0,0,0,0,0,4,2,0,3,3,5,35,52,3,5,28,12,0,0,0,0,2,1,0,0,4,2,0,1,1,0,0,0,0,1,2,1,0,1,3,2,71.0
72.0,22.0,16,13,1187.0,1,3,0,0,2,0,11,3,1,22,7,28,359,467,90,193,432,62,18,2,20,145,34,14,8,0,8,10,1,77,15,26,0,0,0,2,7,2,0,27,46,19,70.0
79.0,25.0,35,35,3087.0,3,1,0,0,8,0,24,8,0,6,4,15,487,611,299,491,85,785,15,0,0,3,91,13,0,0,35,32,4,6,39,40,0,0,0,7,11,9,0,71,99,28,80.0
76.0,24.0,38,35,3240.0,0,1,0,0,2,0,6,0,0,12,8,60,971,1156,245,491,1119,41,28,0,4,423,66,22,13,0,15,48,1,119,34,35,0,0,0,41,73,43,2,56,81,25,74.0
80.0,21.0,13,13,1092.0,3,4,0,0,2,0,30,10,2,19,11,32,402,451,129,162,101,513,9,9,1,4,65,12,2,0,11,15,0,16,11,4,0,0,0,13,20,13,1,14,28,14,79.0
78.0,29.0,29,29,2563.0,1,1,0,0,5,0,23,7,0,6,9,16,529,581,377,492,135,838,39,0,0,3,62,1,0,0,16,12,2,1,28,39,0,0,0,1,1,1,0,45,61,16,78.0
82.0,22.0,34,24,2379.0,2,2,0,0,7,1,24,6,2,16,24,44,1107,1215,289,364,151,1379,52,3,22,6,104,17,0,0,37,77,0,28,46,41,0,0,0,22,30,23,1,57,93,36,82.0
77.0,27.0,25,10,1050.0,3,3,0,0,3,0,34,15,0,11,9,20,161,207,20,28,71,143,1,2,0,0,9,8,0,0,17,16,10,4,11,5,0,0,0,7,18,9,0,13,20,7,80.0
78.0,27.0,38,34,3018.0,6,4,0,0,1,0,62,17,0,64,23,77,749,899,123,261,948,252,10,6,39,14,56,31,12,0,10,57,9,163,39,37,1,0,0,75,117,79,1,60,121,61,78.0
74.0,22.0,29,8,891.0,1,1,0,0,1,0,19,7,0,17,9,26,191,249,40,59,42,243,1,1,1,20,17,9,3,0,15,26,7,37,8,6,0,0,0,57,76,63,0,16,20,4,75.0
80.0,27.0,27,26,2278.0,1,3,0,0,2,0,8,3,4,48,10,47,1130,1301,375,652,73,1560,49,4,70,272,94,41,13,0,20,24,6,183,38,23,0,0,1,9,19,10,4,66,94,28,82.0
69.0,19.0,23,20,1713.0,2,1,0,0,4,1,6,5,0,5,5,30,314,424,61,167,18,408,5,0,0,136,31,2,0,1,28,6,2,54,27,20,0,0,0,22,46,26,1,50,66,16,61.0
82.0,31.0,34,30,2735.0,18,4,4,5,3,1,75,32,0,29,7,32,246,348,33,63,97,255,0,2,0,1,13,15,3,0,20,19,37,30,13,5,2,0,0,19,33,21,1,20,31,11,82.0
87.0,31.0,22,22,1913.0,1,0,0,0,4,1,16,2,0,3,8,27,959,1038,371,470,1017,390,30,0,0,27,121,7,3,1,11,10,1,27,31,33,0,2,0,9,14,10,0,40,52,12,87.0
78.0,25.0,23,23,2030.0,0,0,0,0,2,0,13,1,1,6,5,18,495,583,171,286,224,507,33,1,0,25,66,2,0,0,16,14,1,1,33,34,0,0,0,12,14,12,0,55,81,26,80.0
74.0,24.0,20,10,985.0,1,4,0,0,1,0,24,8,0,23,7,24,286,343,41,68,40,372,1,2,0,3,16,12,4,0,13,19,0,19,12,6,0,1,0,13,27,15,0,15,25,10,76.0
70.0,19.0,17,7,704.0,0,0,0,0,1,0,5,4,0,6,2,18,263,330,36,76,282,43,2,0,2,74,18,7,6,0,13,10,1,52,7,14,0,0,0,14,22,14,3,12,14,2,66.0
73.0,28.0,20,10,913.0,3,0,0,0,0,0,23,7,0,6,3,15,142,225,6,19,14,95,0,0,0,0,18,3,0,0,14,9,8,1,0,0,0,0,0,3,5,3,0,5,5,0,76.0
73.0,26.0,13,3,311.0,1,1,0,0,1,0,6,3,0,1,2,5,40,61,4,11,14,49,0,0,0,1,0,4,0,0,7,1,2,1,3,1,0,0,0,3,8,3,0,4,9,5,75.0
77.0,29.0,37,24,2122.0,5,2,0,0,1,0,43,21,0,21,13,37,381,489,53,105,42,527,1,0,2,4,41,8,1,0,11,26,19,53,14,23,0,0,0,25,48,27,1,26,40,14,79.0
84.0,28.0,33,30,2777.0,1,1,0,0,3,0,20,3,1,24,17,43,1758,1890,562,722,90,2267,31,3,1,191,252,27,3,0,15,14,4,59,31,38,0,1,0,23,34,25,0,46,65,19,84.0
74.0,21.0,6,4,374.0,0,3,0,0,1,0,2,0,0,8,2,15,163,183,21,28,19,164,0,0,0,29,6,2,0,0,4,10,1,7,2,5,0,0,0,7,9,8,1,6,9,3,69.0
79.0,20.0,35,35,3134.0,0,3,0,0,4,1,9,0,0,14,23,79,1023,1220,110,238,118,1017,5,3,0,336,84,13,0,0,23,16,3,56,60,86,0,1,0,75,102,78,4,134,151,17,76.0
78.0,27.0,13,4,512.0,1,0,0,0,2,0,7,2,0,2,2,13,210,241,47,60,44,243,4,0,0,1,19,0,0,0,10,6,0,3,14,7,0,0,0,5,8,6,0,21,28,7,80.0
68.0,26.0,14,4,440.0,1,0,0,0,0,0,12,7,0,4,0,4,40,73,7,8,33,20,0,0,0,0,5,1,0,0,2,7,3,3,1,1,0,0,0,1,1,1,0,1,5,4,69.0
73.0,28.0,7,6,551.0,1,0,0,0,1,0,2,1,0,3,1,7,153,190,31,59,31,136,2,0,1,57,19,3,1,0,8,6,1,8,8,10,0,0,0,2,4,2,0,13,19,6,74.0
72.0,32.0,3,3,230.0,0,0,0,0,1,0,1,1,0,1,1,2,84,104,27,48,101,15,1,0,3,23,9,2,1,0,2,3,0,8,2,3,0,0,0,2,3,2,0,2,3,1,76.0
79.0,23.0,26,21,1942.0,7,0,1,1,4,0,30,14,7,44,8,29,485,582,129,302,68,740,40,4,90,25,52,9,3,0,23,10,3,145,22,24,0,1,1,6,12,7,0,43,84,41,77.0
78.0,27.0,8,1,147.0,1,1,0,0,0,0,4,2,0,7,1,1,33,44,7,9,9,33,0,0,0,0,7,3,0,0,3,2,0,0,3,1,0,0,0,3,7,3,0,3,6,3,77.0
77.0,28.0,34,31,2822.0,2,7,0,0,5,0,22,7,1,43,16,38,783,928,312,538,100,1309,41,7,43,2,142,39,8,0,30,22,1,88,40,46,0,0,0,11,18,11,0,63,97,34,75.0
70.0,25.0,6,0,61.0,0,1,0,0,0,0,5,1,0,1,0,1,6,12,0,0,2,5,0,0,0,0,0,0,0,0,3,0,0,1,0,0,0,0,0,0,0,0,0,0,0,0,71.0
84.0,27.0,35,32,2736.0,3,0,0,0,3,0,30,8,0,21,16,34,1338,1435,266,309,228,1448,22,0,4,6,191,17,1,0,19,30,2,15,32,24,0,0,0,33,52,36,3,43,58,15,82.0
82.0,29.0,32,26,2108.0,3,6,0,0,2,0,62,22,8,82,14,61,895,1028,191,325,124,1240,41,1,110,6,62,42,10,0,12,31,11,170,25,14,1,0,0,37,62,41,0,37,60,23,84.0
67.0,18.0,2,1,64.0,0,0,0,0,0,0,2,0,0,0,0,0,10,10,2,2,2,10,0,0,0,0,2,0,0,0,0,2,0,0,0,1,0,0,0,1,3,1,0,1,1,0,61.0
60.0,18.0,2,0,26.0,0,0,0,0,0,0,0,0,0,0,0,0,4,5,4,5,2,7,0,0,0,0,2,0,0,0,0,0,0,0,0,0,0,0,0,0,0,0,0,0,1,1,59.0
79.0,26.0,8,4,389.0,0,1,0,0,2,0,2,1,0,5,2,2,156,166,32,40,178,23,4,0,2,0,20,2,0,0,7,12,0,2,4,7,0,0,0,8,9,8,0,5,9,4,80.0
80.0,26.0,30,29,2535.0,14,9,1,2,3,0,63,27,0,28,10,38,272,364,37,54,71,320,0,1,1,1,17,14,0,0,42,32,20,20,9,6,3,0,0,22,43,27,0,11,22,11,78.0
80.0,22.0,26,17,1592.0,1,0,0,0,4,0,9,2,0,6,20,34,971,1026,295,338,188,1156,16,1,2,2,136,13,0,0,17,15,2,8,21,21,0,0,0,16,23,18,1,24,51,27,75.0
77.0,26.0,38,29,2595.0,10,2,0,0,2,0,58,23,0,15,15,45,359,505,32,64,78,329,1,4,0,0,19,10,1,0,28,24,53,13,9,3,0,0,0,14,23,15,0,10,25,15,78.0
81.0,25.0,29,29,2501.0,4,2,0,0,10,0,30,11,7,38,18,46,1403,1560,534,772,1861,322,94,8,96,33,229,36,10,0,45,51,1,130,38,33,0,2,0,16,22,16,0,62,105,43,81.0
79.0,28.0,9,5,460.0,2,0,0,0,2,0,9,3,0,5,6,9,133,162,29,43,163,41,2,0,0,1,8,9,1,0,8,8,1,10,2,2,0,0,0,4,7,4,0,2,7,5,80.0
76.0,25.0,29,28,2474.0,1,2,0,0,6,1,11,2,0,29,9,37,641,790,134,270,30,705,5,0,1,274,47,14,5,0,41,14,4,76,27,29,0,3,1,10,28,10,2,52,83,31,76.0
75.0,29.0,17,17,1520.0,0,1,0,0,0,0,13,3,0,6,8,12,295,342,121,189,107,369,11,1,0,0,35,2,0,0,4,7,2,0,10,44,0,0,0,2,3,2,0,19,32,13,75.0
77.0,33.0,30,28,2568.0,2,2,0,0,9,1,12,3,2,42,19,72,1032,1207,329,625,143,1376,84,3,100,310,118,23,4,1,38,32,4,197,29,53,0,0,0,22,38,23,3,56,79,23,80.0
75.0,33.0,26,23,2091.0,0,1,0,0,4,0,7,1,0,7,21,55,740,860,102,231,112,725,16,1,0,216,70,6,2,0,18,29,2,48,28,48,0,0,0,10,14,10,1,52,92,40,76.0
83.0,25.0,34,34,3040.0,10,5,0,0,9,1,79,30,0,54,20,74,727,890,92,130,142,904,6,14,3,26,61,65,8,1,45,102,16,37,33,9,5,0,0,143,246,155,8,43,64,21,82.0
73.0,22.0,22,16,1518.0,0,0,0,0,2,1,20,5,0,7,12,23,783,868,136,172,103,892,15,0,0,2,96,5,1,1,24,18,2,2,33,30,0,0,0,31,41,33,0,45,84,39,75.0
79.0,26.0,4,1,125.0,0,0,0,0,0,0,2,1,0,1,0,2,69,77,8,12,5,66,2,0,0,15,2,0,0,0,2,1,0,1,1,3,0,0,0,4,6,4,0,1,3,2,79.0
78.0,21.0,14,14,1153.0,0,3,0,0,1,0,7,1,0,12,6,16,998,1077,204,245,1043,103,6,4,0,125,131,21,4,0,15,5,1,39,16,22,0,0,0,7,16,8,1,31,54,23,71.0
71.0,24.0,19,7,746.0,1,1,0,0,1,0,17,7,0,13,3,13,90,127,8,13,67,23,0,0,0,0,6,3,1,0,14,20,4,8,1,2,0,0,0,5,7,5,0,3,5,2,72.0
80.0,23.0,32,29,2609.0,2,2,0,0,4,1,17,4,0,6,9,23,805,889,404,517,306,935,35,0,0,17,71,4,0,1,21,16,2,2,20,50,0,0,0,4,7,5,0,34,41,7,78.0
